brand,processor_brand,processor_name,ram_gb,ram_type,ssd_gb,hdd_gb,os,os_bit,graphic_card_gb,weight,warranty_years,Touchscreen,msoffice,Price_USD,rating_stars,Number of Ratings,Number of Reviews,,,
Asus,Intel,Core i3,4,DDR4,0,1024,Windows,64,0,Casual,0,No,No,415.79,2,3,0,,,
Lenovo,Intel,Core i3,4,DDR4,0,1024,Windows,64,0,Casual,0,No,No,467.99,3,65,5,,,
Lenovo,Intel,Core i3,4,DDR4,0,1024,Windows,64,0,Casual,0,No,No,479.99,3,8,1,,,
Asus,Intel,Core i5,8,DDR4,512,0,Windows,32,2,Casual,0,No,No,839.88,3,0,0,,,
Asus,Intel,Celeron Dual,4,DDR4,0,512,Windows,64,0,Casual,0,No,No,323.88,3,0,0,,,
Asus,Intel,Celeron Dual,4,DDR4,0,512,Windows,64,0,Casual,0,No,No,275.88,3,0,0,,,
Asus,Intel,Celeron Dual,4,DDR4,0,512,Windows,32,0,Casual,0,No,No,263.88,3,31,3,,,
Asus,Intel,Core i5,8,DDR4,0,1024,Windows,32,2,Casual,0,No,No,705.59,3,0,0,,,
Lenovo,Intel,Core i5,4,DDR4,0,1024,Windows,32,0,Casual,0,No,No,599.99,3,0,0,,,
Acer,AMD,Ryzen 5,4,DDR4,0,512,Windows,32,4,Casual,0,No,No,719.88,4,1946,240,,,
Acer,AMD,Ryzen 5,4,DDR4,0,512,Windows,32,6,Casual,0,No,No,1124.4,4,259,47,,,
Acer,AMD,Ryzen 5,4,DDR4,0,512,Windows,32,4,Casual,0,No,No,875.88,4,425,67,,,
Avita,Intel,Celeron Dual,4,DDR4,0,512,Windows,64,0,Casual,0,No,No,209.88,3,1120,196,,,
Asus,Intel,Celeron Dual,4,DDR4,0,512,Windows,64,0,Casual,0,No,No,275.88,3,0,0,,,
Asus,Intel,Core i3,4,DDR4,256,0,Windows,64,0,Casual,0,No,No,431.88,3,0,0,,,
HP,Intel,Core i3,8,DDR4,256,0,Windows,64,0,Casual,1,Yes,No,677.88,3,0,0,,,
HP,Intel,Core i5,8,DDR4,256,0,Windows,64,0,Casual,1,No,No,784.68,3,0,0,,,
Lenovo,Intel,Celeron Dual,4,DDR4,256,0,Windows,64,0,ThinNlight,0,No,No,383.99,4,286,19,,,
HP,Intel,Celeron Dual,8,DDR4,256,0,Windows,64,0,ThinNlight,0,No,No,389.88,4,58,6,,,
Lenovo,Intel,Celeron Dual,4,DDR4,256,0,Windows,64,0,ThinNlight,0,No,No,381.59,3,0,0,,,
Asus,Intel,Celeron Dual,4,DDR4,256,0,Windows,64,0,Casual,0,No,No,358.68,4,7,0,,,
Asus,Intel,Celeron Dual,4,DDR4,0,1024,Windows,64,0,Casual,1,No,No,287.88,3,15279,1947,,,
HP,Intel,Core i3,4,DDR4,0,1024,Windows,64,0,Casual,0,No,No,395.46,4,311,27,,,
HP,Intel,Core i5,4,DDR4,0,1024,Windows,32,2,Casual,0,No,No,554.4,4,47,7,,,
Asus,Intel,Core i3,4,DDR4,256,0,Windows,64,0,ThinNlight,0,No,No,413.15,4,37,6,,,
Lenovo,Intel,Core i3,8,DDR4,256,0,Windows,32,0,ThinNlight,2,No,Yes,455.88,4,2080,235,,,
Asus,Intel,Core i3,4,DDR4,256,0,Windows,32,0,Casual,1,No,Yes,431.88,4,1479,181,,,
Asus,Intel,Core i3,8,DDR4,256,0,Windows,64,0,ThinNlight,0,No,No,407.76,4,67,3,,,
HP,Intel,Core i3,8,DDR4,256,0,Windows,64,0,ThinNlight,1,No,Yes,479.88,4,273,30,,,
Dell,Intel,Core i3,8,DDR4,256,0,Windows,64,0,ThinNlight,1,No,Yes,473.88,4,1267,171,,,
HP,Intel,Core i3,8,DDR4,256,0,Windows,64,0,Casual,1,Yes,Yes,647.88,4,14,0,,,
Acer,Intel,Core i3,8,DDR4,256,0,Windows,64,0,ThinNlight,1,No,No,467.88,3,0,0,,,
Asus,Intel,Core i3,8,DDR4,256,0,Windows,64,0,ThinNlight,1,No,No,455.88,4,284,39,,,
Asus,Intel,Core i3,8,DDR4,256,0,Windows,64,0,Casual,1,No,Yes,454.68,4,44,5,,,
Lenovo,Intel,Core i3,8,DDR4,256,0,Windows,64,0,ThinNlight,1,No,No,467.88,4,33,4,,,
Lenovo,Intel,Core i3,8,DDR4,256,0,Windows,64,0,ThinNlight,0,No,No,455.88,4,286,36,,,
Dell,Intel,Core i3,8,DDR4,256,0,Windows,64,0,ThinNlight,1,No,Yes,503.88,3,10,5,,,
Asus,Intel,Core i3,8,DDR4,256,0,Windows,64,0,Casual,1,No,No,551.88,4,816,147,,,
Lenovo,Intel,Core i3,8,DDR4,256,0,Windows,64,0,ThinNlight,1,No,No,479.88,4,543,65,,,
Dell,Intel,Core i3,8,DDR4,256,0,Windows,64,0,ThinNlight,0,No,No,509.88,4,9,1,,,
Dell,Intel,Core i3,4,DDR4,256,0,Windows,64,0,ThinNlight,1,No,Yes,443.88,4,1178,137,,,
Lenovo,Intel,Core i3,8,DDR4,256,0,Windows,64,0,Casual,1,Yes,Yes,647.88,4,299,41,,,
Asus,Intel,Core i3,8,DDR4,256,0,Windows,64,0,ThinNlight,0,No,No,443.88,4,20,1,,,
Lenovo,Intel,Core i3,4,DDR4,256,0,Windows,64,0,Casual,2,No,No,467.28,4,758,64,,,
Dell,Intel,Core i3,4,DDR4,256,0,Windows,64,0,Casual,1,No,Yes,473.88,4,634,64,,,
Asus,Intel,Core i3,8,DDR4,256,0,Windows,64,0,Casual,1,No,No,551.88,4,816,147,,,
Lenovo,Intel,Core i3,8,DDR4,256,0,Windows,64,0,Casual,2,No,Yes,479.99,5,4,0,,,
Dell,Intel,Core i3,8,DDR4,256,0,Windows,64,0,ThinNlight,1,No,No,515.88,4,17,2,,,
Dell,Intel,Core i3,8,DDR4,256,0,Windows,64,0,Casual,1,Yes,No,599.88,4,24,5,,,
Dell,Intel,Core i3,8,DDR4,256,0,Windows,64,0,ThinNlight,1,No,Yes,497.88,4,1753,165,,,
Dell,Intel,Core i3,8,DDR4,256,0,Windows,64,0,ThinNlight,0,No,No,503.88,4,216,21,,,Dell
Lenovo,Intel,Core i3,8,DDR4,256,0,Windows,64,0,ThinNlight,1,No,Yes,503.88,4,1084,160,,,
Asus,Intel,Core i3,8,DDR4,256,0,Windows,64,0,Casual,1,No,No,461.88,3,19,3,,,
Lenovo,Intel,Core i3,4,DDR4,256,0,Windows,64,0,ThinNlight,1,No,Yes,467.88,4,106,13,,,
Lenovo,Intel,Core i3,4,DDR4,256,0,Windows,64,0,Casual,1,No,Yes,539.88,4,42,4,,,
Lenovo,Intel,Core i3,4,DDR4,256,0,Windows,64,0,ThinNlight,0,No,No,437.88,3,0,0,,,
Lenovo,Intel,Core i3,8,DDR4,256,0,Windows,32,0,Casual,0,No,No,467.64,3,0,0,,,
HP,Intel,Core i3,4,DDR4,256,0,Windows,64,0,ThinNlight,1,No,Yes,538.8,4,1029,107,,,
MSI,Intel,Core i3,4,DDR4,256,0,Windows,64,0,ThinNlight,0,No,No,467.88,4,53,11,,,
Dell,Intel,Core i3,4,DDR4,256,0,Windows,64,0,ThinNlight,0,No,No,533.12,3,0,0,,,
Asus,Intel,Core i3,4,DDR4,256,0,Windows,64,0,Casual,1,No,No,431.88,3,0,0,,,
Lenovo,Intel,Core i3,4,DDR4,256,0,Windows,64,0,Casual,1,No,Yes,482.4,3,48,1,,,
Lenovo,Intel,Core i3,4,DDR4,256,0,Windows,32,0,Casual,0,No,No,491.88,3,3,0,,,
Dell,Intel,Core i3,4,DDR4,256,0,Windows,64,0,ThinNlight,1,No,No,509.88,3,0,0,,,
Acer,Intel,Celeron Dual,4,DDR4,0,512,Windows,32,0,Casual,0,No,No,287.88,3,61,4,,,
Dell,Intel,Core i3,4,DDR4,256,0,Windows,64,0,Casual,0,Yes,No,863.99,4,97,13,,,
Asus,Intel,Core i3,4,DDR4,256,0,Windows,64,0,Casual,1,No,No,479.88,4,181,19,,,
Lenovo,Intel,Core i3,4,DDR4,256,0,Windows,64,0,Casual,1,No,Yes,503.98,4,529,39,,,
Asus,Intel,Core i3,4,DDR4,256,0,Windows,32,0,Casual,0,No,No,503.88,3,0,0,,,
Lenovo,Intel,Core i3,4,DDR4,256,0,Windows,64,0,Casual,2,No,Yes,479.99,3,0,0,,,
Asus,Intel,Core i3,4,DDR4,256,0,Windows,32,0,Casual,0,No,No,479.88,3,0,0,,,
Lenovo,Intel,Core i3,4,DDR4,256,0,Windows,64,0,Casual,0,No,No,479.98,4,10,1,,,
HP,Intel,Core i3,4,DDR4,256,0,Windows,64,0,ThinNlight,1,No,Yes,509.88,4,5205,561,,,
Lenovo,Intel,Core i3,4,DDR4,256,0,Windows,32,0,Casual,0,No,No,503.88,3,3,0,,,
Asus,Intel,Core i3,4,DDR4,256,0,Windows,32,0,Casual,0,No,No,581.88,3,0,0,,,
HP,Intel,Core i3,4,DDR4,256,0,Windows,64,0,ThinNlight,1,No,Yes,532.51,4,1090,96,,,
Dell,Intel,Core i3,4,DDR4,256,0,Windows,32,0,Casual,0,No,No,526.8,3,0,0,,,
Dell,Intel,Core i3,4,DDR4,256,0,Windows,64,0,Casual,1,No,No,560.28,3,0,0,,,
Lenovo,Intel,Core i3,4,DDR4,256,0,Windows,32,0,Casual,0,No,No,491.88,5,1,1,,,
Dell,Intel,Core i3,4,DDR4,256,0,Windows,64,0,ThinNlight,1,No,No,479.88,4,44,2,,,
Lenovo,Intel,Core i3,4,DDR4,256,0,Windows,64,0,ThinNlight,0,No,No,527.88,3,0,0,,,
Asus,Intel,Core i3,4,DDR4,256,0,Windows,64,0,ThinNlight,1,No,No,443.88,4,70,9,,,
Dell,Intel,Core i3,8,DDR4,256,0,Windows,64,0,Casual,1,No,No,582,3,0,0,,,
Asus,Intel,Core i3,8,DDR4,256,0,Windows,64,0,Casual,0,No,No,587.88,3,0,0,,,
Asus,Intel,Celeron Dual,4,LPDDR4,0,512,Windows,32,0,Casual,0,No,No,281.88,4,632,92,,,
HP,Intel,Core i3,4,DDR4,256,0,Windows,64,0,Casual,1,Yes,Yes,650.86,4,71,8,,,
Asus,Intel,Core i3,8,DDR4,512,0,Windows,64,0,Casual,1,No,No,455.88,4,990,108,,,
HP,Intel,Core i3,8,DDR4,512,0,Windows,64,0,ThinNlight,1,No,Yes,515.88,4,158,18,,,
HP,Intel,Core i3,8,DDR4,512,0,Windows,64,0,ThinNlight,1,No,Yes,515.88,4,681,59,,,
Asus,Intel,Core i3,4,DDR4,512,0,Windows,64,0,Casual,1,No,No,431.88,4,130,12,,,
Asus,Intel,Core i3,8,DDR4,512,0,Windows,64,0,Casual,1,No,No,515.88,4,30,4,,,
Asus,Intel,Core i3,8,LPDDR4X,512,0,Windows,32,0,Casual,1,Yes,Yes,623.88,4,6,2,,,
Asus,Intel,Core i3,8,DDR4,512,0,Windows,64,0,Casual,1,No,No,587.88,4,174,30,,,
Asus,Intel,Core i3,8,DDR4,512,0,Windows,64,0,Casual,1,No,No,515.88,4,40,7,,,
Lenovo,Intel,Core i3,8,DDR4,512,0,Windows,64,0,ThinNlight,1,No,No,467.88,3,13,1,,,
Dell,Intel,Core i3,8,DDR4,512,0,Windows,64,0,ThinNlight,0,No,No,551.88,4,184,29,,,
HP,Intel,Core i3,8,DDR4,512,0,Windows,64,0,ThinNlight,1,No,Yes,509.88,4,1296,126,,,
HP,Intel,Core i3,8,DDR4,512,0,Windows,64,0,ThinNlight,1,No,Yes,527.64,4,571,56,,,
Asus,Intel,Core i3,4,DDR4,512,0,Windows,64,0,ThinNlight,1,No,Yes,479.88,4,2551,297,,,
MSI,Intel,Core i3,8,DDR4,512,0,Windows,64,0,ThinNlight,0,No,No,587.88,4,17,3,,,
HP,Intel,Core i3,8,DDR4,512,0,Windows,64,0,Casual,1,No,Yes,659.88,4,35,3,,,
MSI,Intel,Core i3,8,DDR4,512,0,Windows,64,0,ThinNlight,0,No,No,491.88,4,118,17,,,
Asus,Intel,Core i3,8,DDR4,512,0,Windows,64,0,ThinNlight,1,No,Yes,503.88,3,0,0,,,
Lenovo,Intel,Core i3,8,DDR4,512,0,Windows,64,0,ThinNlight,1,Yes,No,659.88,4,245,34,,,
Asus,Intel,Core i3,8,DDR4,512,0,Windows,64,0,Casual,1,No,Yes,539.88,4,2058,305,,,
HP,Intel,Core i3,8,DDR4,512,0,Windows,64,0,Casual,1,No,No,495,4,117,11,,,
HP,Intel,Core i3,8,DDR4,512,0,Windows,64,0,ThinNlight,0,No,No,539.88,3,0,0,,,
Asus,Intel,Core i3,8,DDR4,512,0,Windows,64,0,Casual,1,No,No,515.88,4,74,11,,,
Dell,Intel,Core i3,8,DDR4,512,0,Windows,64,0,Casual,1,Yes,No,729.48,4,10,1,,,
HP,Intel,Core i3,8,DDR4,512,0,Windows,64,0,Casual,0,No,No,547.8,4,39,4,,,
Dell,Intel,Core i3,8,DDR4,512,0,Windows,64,0,ThinNlight,1,No,Yes,503.88,3,29,7,,,
Dell,Intel,Core i3,8,DDR4,512,0,Windows,64,0,ThinNlight,1,No,No,545.88,4,43,4,,,
Asus,Intel,Core i3,8,DDR4,512,0,Windows,64,0,ThinNlight,1,No,Yes,539.88,3,0,0,,,
Lenovo,Intel,Core i3,8,DDR4,512,0,Windows,64,0,ThinNlight,2,No,Yes,515.88,4,984,99,,,
HP,Intel,Core i3,4,DDR4,512,0,Windows,64,0,ThinNlight,1,No,Yes,545.88,4,523,66,,,
HP,Intel,Core i3,4,DDR4,512,0,Windows,32,0,Casual,0,No,No,465.59,4,30,1,,,
HP,Intel,Core i3,4,DDR4,512,0,Windows,64,0,Casual,1,Yes,Yes,831.2,3,0,0,,,
Asus,Intel,Core i3,4,DDR4,512,0,Windows,64,0,Casual,1,No,Yes,619.79,3,0,0,,,
HP,Intel,Core i3,4,DDR4,512,0,Windows,64,0,ThinNlight,1,No,Yes,575.88,4,1605,215,,,
Asus,Intel,Core i3,4,DDR4,512,0,Windows,64,0,Casual,1,No,No,491.88,4,4008,519,,,
Asus,Intel,Core i3,4,DDR4,512,0,Windows,64,0,ThinNlight,1,No,Yes,515.88,4,1869,234,,,
Asus,Intel,Core i3,4,DDR4,512,0,Windows,64,0,Casual,1,No,No,538.68,3,7,0,,,
Asus,Intel,Core i3,4,DDR4,512,0,Windows,64,0,Casual,1,No,No,497.88,4,4008,519,,,
HP,Intel,Core i3,4,DDR4,512,0,Windows,32,0,ThinNlight,1,No,No,611.88,3,0,0,,,
HP,Intel,Core i3,4,DDR4,512,0,Windows,64,0,ThinNlight,1,No,Yes,586.8,4,1278,135,,,
Asus,Intel,Core i3,4,DDR4,512,0,Windows,64,0,Casual,1,No,No,491.88,4,4008,519,,,
Dell,Intel,Core i3,4,DDR4,512,0,Windows,64,0,Casual,0,No,No,501.48,3,0,0,,,
Lenovo,Intel,Core i3,4,DDR4,512,0,Windows,64,0,Casual,1,Yes,Yes,695.99,3,10,2,,,
Dell,Intel,Core i3,8,DDR4,512,0,Windows,64,0,ThinNlight,0,No,No,551.16,3,0,0,,,
HP,Intel,Core i3,8,DDR4,512,0,Windows,64,0,Casual,1,Yes,Yes,665.88,4,143,15,,,
Asus,Intel,Core i3,8,DDR4,0,1024,Windows,64,0,Casual,1,No,No,394.68,3,28,4,,,
Lenovo,Intel,Core i3,8,DDR4,0,1024,Windows,64,0,ThinNlight,1,No,Yes,431.88,4,2124,233,,,
Dell,Intel,Core i3,8,DDR4,0,1024,Windows,64,0,ThinNlight,0,No,No,509.88,4,276,40,,,
Dell,Intel,Core i3,8,DDR4,0,1024,Windows,64,0,ThinNlight,0,No,No,506.28,3,250,21,,,
Dell,Intel,Core i3,8,DDR4,0,1024,Windows,64,0,ThinNlight,1,No,Yes,473.88,4,1917,189,,,
HP,Intel,Core i3,8,DDR4,0,1024,Windows,64,0,ThinNlight,1,No,Yes,524.28,4,4999,490,,,
Asus,Intel,Core i3,4,DDR4,0,1024,Windows,64,0,Casual,1,No,No,431.88,3,17,0,,,
Dell,Intel,Core i3,8,DDR4,0,1024,Windows,32,0,Casual,0,No,No,525.6,4,17,0,,,
Lenovo,Intel,Core i3,8,DDR4,0,1024,Windows,32,0,Casual,0,No,No,467.88,3,0,0,,,
Asus,Intel,Core i3,4,DDR4,0,1024,Windows,64,0,ThinNlight,1,No,No,419.88,3,4203,490,,,
Asus,Intel,Core i3,8,DDR4,0,1024,Windows,64,0,Casual,1,No,No,466.8,3,13,0,,,
Dell,Intel,Core i3,4,DDR4,0,1024,Windows,64,0,ThinNlight,1,No,No,479.88,3,15,1,,,
Dell,Intel,Core i3,4,DDR4,0,1024,Windows,32,0,Casual,0,No,No,490.68,4,527,46,,,
Lenovo,Intel,Core i3,4,DDR4,0,1024,Windows,64,0,ThinNlight,1,No,No,443.88,3,103,10,,,
HP,Intel,Core i3,4,DDR4,0,1024,Windows,64,0,ThinNlight,1,No,Yes,479.88,3,324,45,,,
HP,Intel,Core i3,4,DDR4,0,1024,Windows,64,0,ThinNlight,1,No,Yes,503.88,4,69,5,,,
Dell,Intel,Core i3,4,DDR4,0,1024,Windows,32,0,Casual,0,No,No,527.64,3,16,0,,,
HP,Intel,Core i3,4,DDR4,0,1024,Windows,64,0,ThinNlight,1,No,No,477.48,3,40,3,,,
Asus,Intel,Core i3,4,DDR4,0,1024,Windows,32,0,ThinNlight,0,No,No,427.08,3,12,1,,,
HP,Intel,Core i3,4,DDR4,0,1024,Windows,64,0,ThinNlight,1,No,Yes,437.88,3,1146,175,,,
Asus,Intel,Core i3,4,DDR4,0,1024,Windows,64,0,ThinNlight,1,No,Yes,467.88,4,1850,216,,,
Asus,Intel,Core i3,4,DDR4,0,1024,Windows,32,0,ThinNlight,0,No,No,407.88,3,43,7,,,
Dell,Intel,Core i3,4,DDR4,0,1024,Windows,64,0,Casual,1,No,Yes,520.8,4,231,26,,,
Asus,Intel,Celeron Dual,4,LPDDR4,0,512,Windows,32,0,Casual,0,No,No,299.88,4,502,93,,,
HP,Intel,Core i3,4,DDR4,0,1024,Windows,64,0,ThinNlight,1,No,Yes,489,4,1096,116,,,
Dell,Intel,Core i3,4,DDR4,0,1024,Windows,64,0,ThinNlight,1,No,Yes,516,4,313,35,,,
Asus,Intel,Core i3,4,DDR4,0,1024,Windows,64,0,Casual,0,No,No,456,4,7,0,,,
Dell,Intel,Core i3,8,DDR4,0,1024,Windows,64,0,ThinNlight,1,No,Yes,455.88,3,265,46,,,
HP,Intel,Core i3,8,DDR4,0,1024,Windows,64,2,Casual,0,No,No,591.35,4,38,3,,,
Lenovo,Intel,Core i3,8,DDR4,0,1024,Windows,32,0,Casual,0,No,No,467.99,3,7,2,,,
Asus,Intel,Core i3,8,DDR4,0,1024,Windows,32,0,Casual,0,No,No,498,3,4,0,,,
Acer,Intel,Core i3,4,DDR4,0,1024,Windows,32,0,Casual,0,No,No,443.99,3,0,0,,,
Dell,Intel,Core i3,8,DDR4,0,1024,Windows,32,0,Casual,0,No,No,514.8,3,0,0,,,
Asus,Intel,Celeron Dual,4,LPDDR4,0,512,Windows,32,0,Casual,0,No,No,257.88,3,818,113,,,
Dell,Intel,Core i3,8,DDR4,0,1024,Windows,32,0,Casual,0,No,No,497.76,3,25,4,,,
Asus,Intel,Core i3,8,DDR4,0,1024,Windows,64,0,Casual,0,No,No,395.88,2,12,0,,,
Asus,Intel,Core i3,8,DDR4,0,1024,Windows,64,0,Casual,1,No,No,464.16,3,17,1,,,
Asus,Intel,Celeron Dual,4,LPDDR4,0,512,Windows,32,0,Casual,0,No,No,287.88,4,974,170,,,
Dell,Intel,Core i3,8,DDR4,0,1024,Windows,64,0,ThinNlight,0,No,No,484.68,3,83,15,,,
Asus,Intel,Core i3,4,DDR4,0,1024,Windows,64,0,ThinNlight,0,No,No,407.88,3,31,6,,,
Asus,Intel,Celeron Dual,4,LPDDR4,0,512,Windows,32,0,Casual,0,No,No,245.88,3,637,91,,,
Dell,Intel,Core i3,8,DDR4,256,1024,Windows,64,0,ThinNlight,1,No,Yes,497.88,5,7,5,,,
Dell,Intel,Core i3,8,DDR4,256,1024,Windows,64,0,Casual,0,No,No,545.88,4,207,16,,,
Dell,Intel,Core i3,8,DDR4,256,1024,Windows,64,0,Casual,0,No,No,533.88,4,844,103,,,
Asus,Intel,Core i3,8,DDR4,256,1024,Windows,64,0,Casual,1,No,Yes,502.68,4,53,6,,,
Dell,Intel,Core i3,4,DDR4,256,1024,Windows,64,0,ThinNlight,1,No,Yes,515.88,4,62,7,,,
Acer,Intel,Core i3,8,DDR4,256,1024,Windows,64,0,Casual,0,No,No,491.88,4,38,2,,,
Dell,Intel,Core i3,8,DDR4,256,1024,Windows,64,0,ThinNlight,1,No,No,587.88,4,724,92,,,
Dell,Intel,Core i3,4,DDR4,256,1024,Windows,64,0,ThinNlight,1,No,Yes,523.08,3,0,0,,,
Dell,Intel,Core i3,4,DDR4,256,1024,Windows,64,0,Casual,1,No,No,536.28,4,9,0,,,
Asus,Intel,Core i3,4,DDR4,256,1024,Windows,64,0,Casual,0,No,No,491.88,3,0,0,,,
Dell,Intel,Core i3,4,DDR4,256,1024,Windows,64,0,ThinNlight,1,No,Yes,527.88,3,0,0,,,
Dell,Intel,Core i3,4,DDR4,256,1024,Windows,64,0,ThinNlight,1,No,Yes,523.08,3,0,0,,,
Dell,Intel,Core i3,4,DDR4,256,1024,Windows,64,0,ThinNlight,1,No,Yes,496.68,4,56,7,,,
Dell,Intel,Core i3,4,DDR4,256,1024,Windows,64,0,ThinNlight,1,No,Yes,531.48,3,0,0,,,
Dell,Intel,Core i3,4,DDR4,256,1024,Windows,64,0,Casual,1,No,No,587.99,3,0,0,,,
Dell,Intel,Core i3,4,DDR4,256,1024,Windows,64,0,ThinNlight,1,No,Yes,479.88,3,170,11,,,
Dell,Intel,Core i3,8,DDR4,256,1024,Windows,64,0,ThinNlight,0,No,No,556.68,2,95,5,,,
Asus,Intel,Celeron Dual,4,LPDDR4,0,512,Windows,64,0,Casual,0,No,No,227.88,3,197,25,,,
Asus,Intel,Celeron Dual,4,LPDDR4,0,512,Windows,32,0,Casual,0,No,No,215.88,3,1180,148,,,
HP,Intel,Celeron Dual,4,DDR4,0,512,Windows,64,0,Casual,0,No,No,317.64,3,232,23,,,
HP,Intel,Celeron Dual,4,DDR4,0,512,Windows,64,0,Casual,0,No,No,335.88,3,596,65,,,
Lenovo,Intel,Celeron Dual,4,DDR4,0,1024,Windows,32,0,Casual,0,No,No,359.99,3,19,1,,,
Lenovo,Intel,Celeron Dual,4,LPDDR4X,0,512,Windows,64,0,Casual,0,No,No,311.88,3,84,16,,,
Lenovo,Intel,Celeron Dual,4,LPDDR4,0,512,Windows,32,0,Casual,0,No,No,203.88,3,414,54,,,
Lenovo,Intel,Celeron Dual,4,LPDDR4,0,512,Windows,32,0,Casual,0,No,No,299.88,2,70,16,,,
Acer,Intel,Core i5,8,DDR5,0,512,Windows,32,4,Casual,0,No,No,611.88,4,10966,1185,,,
Acer,Intel,Core i5,8,LPDDR4,0,512,Windows,32,0,Casual,1,No,No,1439.88,4,1,1,,,
Acer,Intel,Core i5,8,LPDDR4,0,512,DOS,32,0,Casual,0,No,No,1130.28,4,31,6,,,
Asus,Intel,Core i5,8,LPDDR4,0,512,DOS,32,4,Casual,0,No,No,1274,4,1881,241,,,
Dell,Intel,Core i5,8,LPDDR4,0,512,DOS,32,4,Casual,1,No,No,817.08,1,23,4,,,
Dell,Intel,Core i5,8,LPDDR4,0,512,DOS,32,0,ThinNlight,1,No,No,1679.88,3,0,0,,,
HP,Intel,Core i5,8,LPDDR4,0,512,DOS,32,0,ThinNlight,0,No,No,671.88,4,818,109,,,
HP,Intel,Core i5,8,LPDDR4,0,512,DOS,32,4,Casual,0,No,No,1230.61,3,0,0,,,
Lenovo,Intel,Core i5,8,LPDDR4,0,512,DOS,32,2,Casual,0,No,No,563.88,4,4428,569,,,
HP,Intel,Core i5,8,DDR4,128,0,Windows,64,0,ThinNlight,1,No,No,912.14,4,129,16,,,
Lenovo,Intel,Core i5,8,DDR4,256,0,Windows,64,0,Casual,2,No,Yes,593.88,4,365,35,,,
Acer,Intel,Core i5,8,DDR3,256,0,Windows,64,0,ThinNlight,1,No,Yes,1042.4,4,39,3,,,
Asus,Intel,Core i5,8,DDR4,256,0,Windows,64,0,ThinNlight,1,No,No,587.88,3,0,0,,,
Dell,Intel,Core i5,8,DDR4,256,0,Windows,64,0,ThinNlight,0,No,No,671.88,3,3,0,,,
Acer,Intel,Core i5,8,DDR3,256,0,Windows,64,0,ThinNlight,1,Yes,Yes,983.98,4,14,3,,,
HP,Intel,Core i5,8,DDR4,256,0,Windows,64,0,Casual,1,Yes,Yes,1639.08,3,0,0,,,
Acer,Intel,Core i5,8,DDR4,256,0,Windows,64,0,ThinNlight,1,No,No,713.88,3,33,7,,,
Asus,Intel,Core i5,8,DDR4,256,0,Windows,64,0,ThinNlight,1,No,No,597.6,3,0,0,,,
Lenovo,Intel,Core i5,8,DDR4,256,0,Windows,64,0,Casual,1,No,Yes,743.99,2,4,0,,,
HP,Intel,Core i5,8,DDR4,512,0,Windows,64,0,ThinNlight,0,No,No,659.88,4,116,15,,,
HP,Intel,Core i5,8,DDR4,512,0,Windows,64,0,ThinNlight,1,No,No,647.88,4,206,17,,,
Lenovo,Intel,Core i5,8,DDR4,512,0,Windows,64,0,Casual,2,No,Yes,635.88,4,300,24,,,
HP,Intel,Core i5,16,DDR4,512,0,Windows,64,0,ThinNlight,1,No,Yes,815.88,4,108,6,,,
Asus,Intel,Core i5,8,DDR4,512,0,Windows,64,4,Gaming,1,No,No,695.88,4,3712,412,,,
Lenovo,Intel,Core i5,16,DDR4,512,0,Windows,64,0,ThinNlight,1,No,Yes,747.6,4,825,95,,,
Lenovo,Intel,Core i5,8,DDR4,512,0,Windows,64,0,ThinNlight,1,No,No,635.88,3,0,0,,,
Lenovo,Intel,Core i5,8,DDR4,512,0,Windows,64,0,ThinNlight,2,No,Yes,623.88,4,85,4,,,
Lenovo,Intel,Core i5,16,DDR4,512,0,Windows,64,0,ThinNlight,0,No,No,743.88,4,56,7,,,
Asus,Intel,Core i5,8,LPDDR4X,512,0,Windows,32,0,Casual,1,Yes,Yes,767.88,4,10,1,,,
Lenovo,Intel,Core i5,8,DDR4,512,0,Windows,64,0,Casual,1,No,Yes,791.88,4,17,4,,,
Acer,Intel,Core i5,8,DDR4,512,0,Windows,64,0,ThinNlight,1,No,No,635.88,4,155,20,,,
Lenovo,Intel,Core i5,8,DDR4,512,0,Windows,64,0,ThinNlight,1,No,No,599.88,3,0,0,,,
Asus,Intel,Core i5,8,DDR4,512,0,Windows,64,4,Gaming,0,No,No,863.88,4,91,17,,,
Asus,Intel,Core i5,8,DDR4,512,0,Windows,64,0,Casual,1,No,No,575.88,4,35,2,,,
Lenovo,Intel,Core i5,8,DDR4,512,0,Windows,32,0,ThinNlight,2,No,Yes,581.88,4,126,13,,,
Asus,Intel,Core i5,8,DDR4,512,0,Windows,64,4,Gaming,0,No,No,875.88,4,74,10,,,
MSI,Intel,Core i5,16,DDR4,512,0,Windows,64,4,Casual,2,No,No,923.88,4,75,17,,,
Asus,Intel,Core i5,16,DDR4,512,0,Windows,64,6,Gaming,1,No,Yes,1079.88,4,124,17,,,
MSI,Intel,Core i5,8,DDR4,512,0,Windows,64,4,Casual,2,No,No,719.88,4,1597,228,,,
Asus,Intel,Core i5,8,DDR4,512,0,Windows,64,4,Gaming,1,No,Yes,791.88,4,3850,378,,,
Dell,Intel,Core i5,8,DDR4,512,0,Windows,64,0,Casual,0,Yes,No,863.88,4,7,1,,,
Dell,Intel,Core i5,8,DDR4,512,0,Windows,64,0,Casual,0,Yes,No,862.68,4,3,0,,,
Lenovo,Intel,Core i5,16,DDR4,512,0,Windows,64,0,ThinNlight,0,No,No,779.88,3,0,0,,,
Asus,Intel,Core i5,16,DDR4,512,0,Windows,64,0,Casual,1,No,No,791.88,3,0,0,,,
HP,Intel,Core i5,8,DDR4,512,0,Windows,64,0,ThinNlight,0,No,No,671.99,4,5,1,,,
Asus,Intel,Core i5,16,DDR4,512,0,Windows,64,4,Casual,1,No,No,881.88,4,213,45,,,
HP,Intel,Core i5,16,DDR4,512,0,Windows,64,0,ThinNlight,1,No,Yes,893.88,4,10,0,,,
HP,Intel,Core i5,8,DDR4,512,0,Windows,64,0,ThinNlight,1,No,Yes,700.08,4,69,6,,,
Acer,Intel,Core i5,8,DDR4,512,0,Windows,64,0,ThinNlight,1,No,No,671.99,4,6,0,,,
Dell,Intel,Core i5,16,DDR4,512,0,Windows,64,0,ThinNlight,0,No,No,815.88,4,93,9,,,
Asus,Intel,Core i5,16,DDR4,512,0,Windows,64,0,Casual,1,No,No,719.88,4,11,2,,,
Asus,Intel,Core i5,16,DDR4,512,0,Windows,64,6,Casual,1,No,Yes,995.88,4,262,31,,,
Dell,Intel,Core i5,8,DDR4,512,0,Windows,64,2,Casual,1,No,Yes,770.28,3,0,0,,,
Dell,Intel,Core i5,16,DDR4,512,0,Windows,64,0,ThinNlight,0,No,No,841.08,4,5,1,,,
Asus,Intel,Core i5,8,DDR4,512,0,Windows,64,2,ThinNlight,1,No,No,599.88,4,45,3,,,
MSI,Intel,Core i5,8,DDR4,512,0,Windows,64,0,ThinNlight,0,No,No,665.88,3,8,1,,,
HP,Intel,Core i5,8,LPDDR4X,512,0,Windows,64,0,Casual,0,Yes,No,1175.88,5,3,1,,,
Asus,Intel,Core i5,8,DDR4,512,0,Windows,64,4,Gaming,1,No,Yes,659.88,4,1681,227,,,
Lenovo,Intel,Core i5,8,DDR4,512,0,Windows,64,0,ThinNlight,1,No,Yes,719.88,4,37,2,,,
Lenovo,Intel,Core i5,8,DDR4,512,0,Windows,64,0,ThinNlight,1,No,Yes,647.88,4,61,2,,,
HP,Intel,Core i5,16,DDR4,512,0,Windows,64,0,ThinNlight,1,No,Yes,803.99,4,17,1,,,
Acer,Intel,Core i5,8,LPDDR4X,512,0,Windows,64,0,ThinNlight,1,No,Yes,731.88,4,17,1,,,
Asus,Intel,Core i5,8,DDR4,512,0,Windows,64,0,ThinNlight,1,No,Yes,575.88,4,1625,152,,,
HP,Intel,Core i5,8,DDR4,512,0,Windows,32,0,ThinNlight,1,No,Yes,719.99,4,4,1,,,
Dell,Intel,Core i5,16,DDR4,512,0,Windows,64,4,Casual,1,No,No,959.88,3,0,0,,,
Asus,Intel,Core i5,8,DDR4,512,0,Windows,64,4,Gaming,1,No,No,767.88,3,0,0,,,
HP,Intel,Core i5,8,DDR4,512,0,Windows,64,0,ThinNlight,1,No,Yes,767.88,4,17,1,,,
Asus,Intel,Core i5,16,DDR4,512,0,Windows,64,0,Casual,1,No,No,719.88,3,0,0,,,
Lenovo,Intel,Core i5,8,DDR4,512,0,Windows,64,0,ThinNlight,1,No,No,671.88,3,0,0,,,
Asus,Intel,Core i5,16,DDR4,512,0,Windows,64,0,Casual,1,No,No,719.88,3,0,0,,,
HP,Intel,Core i5,8,DDR4,512,0,Windows,64,0,ThinNlight,1,No,Yes,767.88,4,3,0,,,
Dell,Intel,Core i5,16,DDR4,512,0,Windows,64,2,Casual,1,No,Yes,833.88,3,0,0,,,
Dell,Intel,Core i5,16,DDR4,512,0,Windows,64,0,Casual,1,Yes,Yes,1072.68,3,0,0,,,
Asus,Intel,Core i5,8,LPDDR4X,512,0,Windows,64,0,ThinNlight,0,No,No,899.88,3,0,0,,,
Lenovo,Intel,Core i5,8,DDR4,512,0,Windows,64,0,Casual,3,Yes,Yes,779.88,4,48,12,,,
Lenovo,Intel,Core i5,8,DDR4,512,0,Windows,64,4,Casual,1,No,Yes,797.88,4,282,36,,,
Dell,Intel,Core i5,16,DDR4,512,0,Windows,64,2,Casual,1,No,Yes,1076.42,3,0,0,,,
Lenovo,Intel,Core i5,16,DDR4,512,0,Windows,64,2,Casual,1,No,Yes,851.88,4,67,4,,,
Asus,Intel,Core i5,16,DDR4,512,0,Windows,64,0,Casual,1,Yes,Yes,707.88,3,0,0,,,
Lenovo,Intel,Core i5,8,DDR4,512,0,Windows,64,2,Casual,1,No,Yes,690,3,0,0,,,
Dell,Intel,Core i5,8,DDR4,512,0,Windows,64,2,Casual,1,Yes,Yes,959.88,4,23,2,,,
MSI,Intel,Core i5,8,DDR4,512,0,Windows,64,0,Casual,0,No,No,678.49,4,677,87,,,
Asus,Intel,Core i5,16,DDR4,512,0,Windows,64,0,ThinNlight,0,No,No,719.88,3,3,0,,,
Lenovo,Intel,Core i5,16,DDR4,512,0,Windows,64,0,Casual,1,No,Yes,779.88,4,46,4,,,
Dell,Intel,Core i5,8,DDR4,512,0,Windows,64,0,ThinNlight,1,No,No,735.48,3,4,1,,,
Lenovo,Intel,Core i5,8,DDR4,512,0,Windows,64,0,ThinNlight,1,No,Yes,659.88,4,9,1,,,
Lenovo,Intel,Core i5,8,DDR4,512,0,Windows,64,0,Casual,1,No,Yes,719.88,4,26,4,,,
Asus,Intel,Core i5,8,DDR4,512,0,Windows,32,6,Casual,1,No,No,1019.88,5,5,0,,,
HP,Intel,Core i5,8,DDR4,512,0,Windows,64,0,ThinNlight,1,No,Yes,870,4,40,3,,,
Lenovo,Intel,Core i5,8,DDR4,512,0,Windows,64,4,Gaming,0,No,No,719.88,3,44,6,,,
Lenovo,Intel,Core i5,8,DDR4,512,0,Windows,64,0,Casual,1,Yes,Yes,1055.88,4,28,6,,,
HP,Intel,Core i5,8,DDR4,512,0,Windows,64,0,ThinNlight,0,No,No,695.88,4,1541,123,,,
Dell,Intel,Core i5,8,DDR4,512,0,Windows,64,0,ThinNlight,1,No,Yes,833.88,4,72,7,,,
Lenovo,Intel,Core i5,8,DDR4,512,0,Windows,64,0,Casual,3,Yes,Yes,827.88,4,44,8,,,
Lenovo,Intel,Core i5,8,DDR4,512,0,Windows,32,0,Casual,1,No,Yes,935.88,4,17,2,,,
Asus,Intel,Core i5,8,LPDDR4X,512,0,Windows,64,0,Casual,1,Yes,No,1271.88,4,59,11,,,
MSI,Intel,Core i5,8,LPDDR4X,512,0,Windows,64,0,Casual,1,No,No,959.88,3,0,0,,,
Dell,Intel,Core i5,8,DDR4,512,0,Windows,64,0,ThinNlight,1,No,Yes,665.88,4,337,27,,,
Lenovo,Intel,Core i5,8,DDR4,512,0,Windows,64,0,ThinNlight,1,No,Yes,839.88,4,10,2,,,
Asus,Intel,Core i5,8,DDR4,512,0,Windows,64,0,Casual,1,Yes,Yes,1019.88,4,10,2,,,
Dell,Intel,Core i5,8,DDR4,512,0,Windows,64,0,ThinNlight,0,No,No,719.88,3,31,7,,,
Dell,Intel,Core i5,8,LPDDR4X,512,0,Windows,64,0,ThinNlight,1,No,Yes,1342.68,3,0,0,,,
Dell,Intel,Core i5,8,DDR4,512,0,Windows,64,2,Casual,1,No,No,791.88,4,10,0,,,
Asus,Intel,Core i5,8,LPDDR4X,512,0,Windows,32,0,Casual,1,No,Yes,875.88,4,76,14,,,
Dell,Intel,Core i5,8,DDR4,512,0,Windows,64,0,ThinNlight,1,No,Yes,853.08,4,44,6,,,
MSI,Intel,Core i5,8,DDR4,512,0,Windows,64,4,Casual,2,No,No,899.88,3,0,0,,,
Asus,Intel,Core i5,8,LPDDR3,512,0,Windows,64,0,Casual,1,No,Yes,959.88,4,11,3,,,
MSI,Intel,Core i5,8,DDR4,512,0,Windows,64,0,Casual,1,No,No,665.88,4,138,16,,,
Dell,Intel,Core i5,8,DDR4,512,0,Windows,64,2,ThinNlight,1,No,Yes,797.88,4,199,17,,,
Asus,Intel,Core i5,8,DDR4,512,0,Windows,64,0,Casual,1,No,Yes,640.8,4,46,6,,,
Dell,Intel,Core i5,8,DDR4,512,0,Windows,64,0,Casual,1,Yes,Yes,894,4,45,5,,,
Dell,Intel,Core i5,8,LPDDR4X,512,0,Windows,64,0,ThinNlight,1,No,Yes,1379.88,3,0,0,,,
Dell,Intel,Core i5,8,DDR4,512,0,Windows,64,2,ThinNlight,0,No,No,743.88,4,35,4,,,
Apple,Intel,Core i5,8,LPDDR4X,512,0,Mac,64,0,Casual,1,No,No,1919.88,4,32,5,,,
Apple,Intel,Core i5,8,DDR3,512,0,Mac,64,0,Casual,1,No,No,2065.08,4,108,13,,,
MSI,Intel,Core i5,8,DDR4,512,0,Windows,64,4,Casual,0,No,No,899.88,3,0,0,,,
MSI,Intel,Core i5,8,DDR4,512,0,Windows,64,0,Casual,1,No,No,677.88,4,814,112,,,
Lenovo,Intel,Core i5,8,DDR4,512,0,Windows,64,0,ThinNlight,3,No,No,1764,3,0,0,,,
Lenovo,Intel,Core i5,8,DDR4,512,0,Windows,64,0,ThinNlight,1,No,Yes,671.88,4,75,9,,,
HP,Intel,Core i5,8,DDR4,512,0,Windows,64,4,Gaming,1,No,Yes,935.88,3,0,0,,,
HP,Intel,Core i5,8,DDR4,512,0,Windows,64,4,Casual,1,No,Yes,1277.88,4,3,0,,,
Lenovo,Intel,Core i5,8,DDR4,512,0,Windows,32,2,Casual,1,No,Yes,851.88,4,11,3,,,
Lenovo,Intel,Core i5,8,DDR4,512,0,Windows,64,0,Casual,1,No,Yes,779.88,4,125,11,,,
Acer,Intel,Core i5,8,DDR4,512,0,Windows,64,0,Casual,1,No,No,695.88,3,0,0,,,
Asus,Intel,Core i5,8,DDR4,512,0,Windows,64,4,Gaming,1,No,No,779.88,4,4,0,,,
MSI,Intel,Core i5,8,DDR4,512,0,Windows,64,0,Casual,1,No,No,659.88,4,714,147,,,
HP,Intel,Core i5,8,LPDDR4X,512,0,Windows,64,0,Casual,0,Yes,No,1343.99,3,0,0,,,
Lenovo,Intel,Core i5,8,LPDDR4X,512,0,Windows,64,2,Casual,1,No,Yes,849.58,4,21,3,,,
Lenovo,Intel,Core i5,8,DDR4,512,0,Windows,64,4,Casual,0,No,No,719.88,3,9,1,,,
Acer,Intel,Core i5,8,DDR4,512,0,Windows,64,4,Casual,1,No,No,1194,3,0,0,,,
HP,Intel,Core i5,8,DDR4,512,0,Windows,64,0,ThinNlight,1,No,Yes,671.88,4,30,4,,,
Asus,Intel,Core i5,8,LPDDR3,512,0,Windows,64,0,ThinNlight,1,No,No,875.88,4,44,4,,,
Acer,Intel,Core i5,8,DDR3,512,0,Windows,64,0,ThinNlight,1,No,No,779.88,3,4,1,,,
Asus,Intel,Core i5,8,DDR4,512,0,Windows,64,0,ThinNlight,0,No,No,695.88,3,0,0,,,
HP,Intel,Core i5,8,DDR4,512,0,Windows,64,2,Casual,1,Yes,Yes,923.88,4,14,2,,,
Lenovo,Intel,Core i5,8,DDR4,512,0,Windows,64,0,Casual,2,No,Yes,755.98,4,739,71,,,
Dell,Intel,Core i5,8,DDR4,512,0,Windows,64,0,Casual,1,Yes,Yes,935.88,4,31,5,,,
HP,Intel,Core i5,8,DDR4,512,0,Windows,64,0,Casual,1,Yes,Yes,1379.88,4,145,19,,,
Dell,Intel,Core i5,8,DDR4,512,0,Windows,64,2,Casual,1,No,Yes,791.88,3,0,0,,,
Dell,Intel,Core i5,8,DDR4,512,0,Windows,64,2,Casual,1,No,Yes,1067.88,3,19,2,,,
Lenovo,Intel,Core i5,8,DDR4,512,0,Windows,64,0,Casual,0,No,No,1363.08,3,0,0,,,
Asus,Intel,Core i5,8,LPDDR4X,512,0,Windows,64,0,Casual,1,Yes,Yes,887.88,4,32,6,,,
HP,Intel,Core i5,8,DDR4,512,0,Windows,64,0,ThinNlight,1,No,Yes,732,4,1124,100,,,
Asus,Intel,Core i5,8,LPDDR4X,512,0,Windows,64,0,Casual,1,Yes,No,1199.88,4,35,6,,,
Lenovo,Intel,Core i5,8,DDR4,512,0,Windows,64,0,ThinNlight,1,No,Yes,815.88,4,9,0,,,
Dell,Intel,Core i5,8,DDR4,512,0,Windows,64,0,Casual,1,Yes,Yes,849.59,4,98,6,,,
Lenovo,Intel,Core i5,8,DDR4,512,0,Windows,64,0,ThinNlight,1,No,Yes,791.88,4,31,2,,,
Asus,Intel,Core i5,8,DDR4,512,0,Windows,64,0,ThinNlight,1,No,No,644.28,4,19,3,,,
MSI,Intel,Core i5,8,DDR4,512,0,Windows,64,0,ThinNlight,1,No,No,671.88,3,0,0,,,
Asus,Intel,Core i5,8,DDR4,512,0,Windows,64,0,Casual,1,No,Yes,638.28,4,11,0,,,
Lenovo,Intel,Core i5,8,DDR4,512,0,Windows,32,2,Casual,2,No,Yes,707.99,4,45,3,,,
Dell,Intel,Core i5,8,DDR4,512,0,Windows,64,2,ThinNlight,3,No,No,863.88,3,0,0,,,
HP,Intel,Core i5,8,DDR4,512,0,Windows,32,4,Casual,0,No,No,984,3,0,0,,,
Asus,Intel,Core i5,8,LPDDR4X,512,0,Windows,64,0,ThinNlight,0,No,No,1019.88,3,0,0,,,
Lenovo,Intel,Core i5,8,DDR4,512,0,Windows,64,2,Casual,0,No,No,1079.98,3,0,0,,,
Asus,Intel,Core i5,8,LPDDR4X,512,0,Windows,64,0,Casual,1,Yes,No,1199.88,3,0,0,,,
Asus,Intel,Core i5,8,LPDDR4X,512,0,Windows,64,0,ThinNlight,0,No,No,1019.88,3,0,0,,,
Lenovo,Intel,Core i5,8,DDR4,512,0,Windows,64,4,Gaming,0,No,No,838.79,4,474,37,,,
Dell,Intel,Core i5,8,DDR4,512,0,Windows,64,4,Casual,1,No,No,959.88,3,0,0,,,
Dell,Intel,Core i5,8,DDR4,512,0,Windows,64,4,Casual,1,No,No,915.6,4,6,0,,,
Lenovo,Intel,Core i5,8,DDR4,512,0,Windows,64,0,Casual,1,No,Yes,671.99,3,0,0,,,
Dell,Intel,Core i5,8,DDR4,512,0,Windows,64,0,ThinNlight,0,No,No,874.8,3,24,4,,,
Dell,Intel,Core i5,8,DDR4,512,0,Windows,64,0,Casual,1,Yes,Yes,887.88,4,195,17,,,
Asus,Intel,Core i5,8,LPDDR4,512,0,Windows,64,0,ThinNlight,0,No,No,1019.88,3,0,0,,,
Dell,Intel,Core i5,8,DDR4,512,0,Windows,32,2,Casual,0,No,No,882.23,3,0,0,,,
HP,Intel,Core i5,8,DDR4,512,0,Windows,64,0,Casual,1,Yes,No,1512,5,2,1,,,
Asus,Intel,Core i5,8,DDR4,512,0,Windows,64,6,Casual,1,No,No,1067.88,3,0,0,,,
HP,Intel,Core i5,8,DDR4,512,0,Windows,64,0,ThinNlight,1,Yes,Yes,1379.99,3,0,0,,,
Dell,Intel,Core i5,8,DDR4,512,0,Windows,64,2,Casual,1,Yes,Yes,995.88,4,21,2,,,
Acer,Intel,Core i5,8,DDR4,512,0,Windows,64,0,ThinNlight,0,Yes,No,1319.99,3,0,0,,,
Lenovo,Intel,Core i5,8,DDR4,512,0,Windows,64,0,ThinNlight,1,Yes,Yes,995.88,3,0,0,,,
Dell,Intel,Core i5,8,DDR4,512,0,Windows,64,2,Casual,1,Yes,Yes,959.88,4,5,0,,,
Asus,Intel,Core i5,8,LPDDR4X,512,0,Windows,64,0,Casual,1,Yes,No,1379.88,3,0,0,,,
HP,Intel,Core i5,8,LPDDR4X,512,0,Windows,64,0,Casual,1,Yes,No,1559.99,3,0,0,,,
MSI,Intel,Core i5,8,DDR5,512,0,Windows,32,6,Casual,0,No,No,1799.88,4,10,3,,,
Dell,Intel,Core i5,8,DDR4,512,0,Windows,64,2,Casual,0,No,No,855.48,3,0,0,,,
Dell,Intel,Core i5,8,DDR4,512,0,Windows,64,0,ThinNlight,1,No,Yes,954,4,10,1,,,
Dell,Intel,Core i5,8,DDR4,512,0,Windows,64,2,Casual,1,No,Yes,995.88,3,15,3,,,
Dell,Intel,Core i5,8,DDR4,512,0,Windows,64,2,Casual,1,No,Yes,851.76,4,138,23,,,
Asus,Intel,Core i5,8,LPDDR4X,512,0,Windows,64,0,Casual,1,Yes,No,1199.88,3,0,0,,,
HP,Intel,Core i5,8,DDR4,512,0,Windows,32,0,Casual,0,No,No,1128,3,0,0,,,
Dell,Intel,Core i5,8,DDR4,512,0,Windows,64,2,Casual,0,Yes,No,995.88,4,16,3,,,
MSI,Intel,Core i5,8,LPDDR4X,512,0,Windows,64,0,Casual,1,No,No,959.88,4,11,4,,,
Asus,Intel,Core i5,8,DDR4,512,0,Windows,64,0,ThinNlight,0,No,No,1031.88,3,0,0,,,
Asus,Intel,Core i5,8,DDR4,512,0,Windows,64,2,Casual,0,No,No,1043.88,3,0,0,,,
Asus,Intel,Core i5,8,LPDDR3,512,0,Windows,64,2,Casual,1,No,Yes,1271.88,5,4,0,,,
Asus,Intel,Core i5,8,LPDDR3,512,0,Windows,64,0,Casual,0,No,No,1019.88,3,0,0,,,
Lenovo,Intel,Core i5,8,DDR4,512,0,Windows,64,2,Casual,1,No,Yes,719.99,4,22,3,,,
Lenovo,Intel,Core i5,8,DDR4,512,0,Windows,64,0,Casual,1,No,Yes,1103.99,4,16,2,,,
Dell,Intel,Core i5,8,DDR4,512,0,Windows,64,0,Casual,1,Yes,Yes,946.8,3,16,1,,,
Asus,Intel,Core i5,8,LPDDR3,512,0,Windows,64,0,Casual,0,No,No,1593.48,3,0,0,,,
Lenovo,Intel,Core i5,8,DDR4,512,0,Windows,64,4,Gaming,0,No,No,731.88,3,14,6,,,
Avita,Intel,Core i5,8,DDR4,512,0,Windows,64,0,ThinNlight,0,No,No,786.67,3,0,0,,,
Dell,Intel,Core i5,16,DDR4,512,0,Windows,64,0,ThinNlight,0,No,No,842.28,3,6,3,,,
Dell,Intel,Core i5,8,DDR4,512,0,Windows,64,2,Casual,1,Yes,No,955.08,3,0,0,,,
Avita,Intel,Core i5,8,DDR4,512,0,Windows,64,0,ThinNlight,0,No,No,786.67,3,0,0,,,
Asus,Intel,Core i5,8,DDR4,512,0,Windows,64,4,Casual,1,No,No,923.88,3,0,0,,,
Avita,Intel,Core i5,8,DDR4,512,0,Windows,64,0,ThinNlight,0,No,No,786.67,3,0,0,,,
Avita,Intel,Core i5,8,DDR4,512,0,Windows,64,0,ThinNlight,0,No,No,539.88,3,17,3,,,
Asus,Intel,Core i5,8,DDR4,512,0,Windows,64,0,Casual,1,Yes,Yes,1019.88,3,17,2,,,
Lenovo,Intel,Core i5,8,DDR4,512,0,Windows,64,2,Casual,1,Yes,Yes,1043.99,4,3,0,,,
HP,Intel,Core i5,16,DDR4,512,0,Windows,64,2,Casual,1,No,No,936,4,512,85,,,
Avita,Intel,Core i5,8,DDR4,512,0,Windows,64,0,ThinNlight,0,No,No,876.76,3,17,3,,,
Avita,Intel,Core i5,8,DDR4,512,0,Windows,64,0,ThinNlight,0,No,No,876.76,3,17,3,,,
HP,Intel,Core i5,16,DDR4,512,0,Windows,64,4,Casual,1,No,Yes,1211.88,3,0,0,,,
Lenovo,Intel,Core i5,8,DDR4,512,0,Windows,64,0,ThinNlight,1,No,Yes,899.88,3,3,1,,,
Asus,Intel,Core i5,8,DDR4,512,0,Windows,64,4,Casual,0,No,No,911.88,4,1365,137,,,
Lenovo,Intel,Core i5,8,DDR4,512,0,Windows,32,2,Casual,1,No,Yes,1009.03,3,8,3,,,
Asus,Intel,Core i5,8,DDR4,1024,0,Windows,64,4,Gaming,0,No,No,911.88,4,368,48,,,
Asus,Intel,Core i5,8,DDR4,1024,0,Windows,64,4,Gaming,1,No,Yes,935.88,4,202,26,,,
Asus,Intel,Core i5,8,DDR4,1024,0,Windows,64,4,Casual,1,No,No,935.88,4,187,26,,,
Apple,Intel,Core i5,16,LPDDR4X,1024,0,Mac,64,0,Casual,1,No,No,2159.88,4,31,3,,,
Apple,Intel,Core i5,16,LPDDR4X,1024,0,Mac,64,0,Casual,1,No,No,2159.88,4,91,5,,,
Asus,Intel,Core i5,8,DDR4,1024,0,Windows,64,4,Casual,0,No,No,995.88,4,844,118,,,
Asus,Intel,Core i5,8,DDR4,1024,0,Windows,64,4,Casual,1,No,No,1055.88,3,0,0,,,
Asus,Intel,Core i5,8,DDR4,1024,0,Windows,64,4,Casual,0,No,No,1014,4,3,0,,,
Dell,Intel,Core i5,8,LPDDR4X,1024,0,Windows,64,0,ThinNlight,0,No,No,890.28,4,21,3,,,
Lenovo,Intel,Core i5,8,DDR4,1024,0,Windows,64,0,ThinNlight,1,No,Yes,779.88,3,4,0,,,
Lenovo,Intel,Core i5,8,DDR4,512,512,Windows,64,0,ThinNlight,3,Yes,No,1864.93,3,0,0,,,
Lenovo,Intel,Core i5,8,DDR4,512,512,Windows,64,0,ThinNlight,3,Yes,No,1504.73,3,0,0,,,
Acer,Intel,Core i5,8,DDR4,0,1024,Windows,64,0,Casual,0,No,No,599.88,3,0,0,,,
Acer,Intel,Core i5,8,DDR4,0,1024,Windows,64,0,ThinNlight,1,No,No,563.88,3,253,28,,,
Dell,Intel,Core i5,8,DDR4,0,1024,Windows,64,0,ThinNlight,1,No,Yes,587.88,3,470,46,,,
Acer,Intel,Core i5,8,DDR4,0,1024,Windows,64,2,Casual,1,No,Yes,719.99,4,118,28,,,
Asus,Intel,Core i5,8,DDR4,0,1024,Windows,64,0,ThinNlight,1,No,No,563.88,4,1444,179,,,
MSI,Intel,Core i5,8,DDR4,0,1024,Windows,64,4,Casual,2,No,No,635.88,4,1114,137,,,
Lenovo,Intel,Core i5,8,DDR4,0,1024,Windows,32,2,Casual,0,No,No,695.99,3,0,0,,,
Lenovo,Intel,Core i5,8,DDR3,0,1024,Windows,64,0,Casual,0,No,No,629.88,3,78,17,,,
Lenovo,Intel,Core i5,8,DDR4,0,1024,Windows,64,4,Casual,1,No,No,683.88,4,21,5,,,
Acer,Intel,Core i5,8,DDR4,0,1024,Windows,64,2,ThinNlight,1,No,No,743.88,4,73,21,,,
Dell,Intel,Core i5,8,DDR4,0,1024,Windows,32,0,Casual,0,No,No,697.08,3,0,0,,,
Asus,Intel,Core i5,8,DDR4,0,1024,Windows,64,0,Casual,0,No,No,683.88,3,0,0,,,
Acer,Intel,Core i5,8,DDR4,0,1024,Windows,64,0,ThinNlight,1,No,No,739.16,3,0,0,,,
Asus,Intel,Core i5,8,DDR4,0,1024,Windows,64,0,ThinNlight,0,No,No,983.88,3,0,0,,,
Asus,Intel,Core i5,8,DDR4,0,1024,Windows,64,0,Casual,0,No,No,734.99,3,0,0,,,
Dell,Intel,Core i5,8,DDR4,0,1024,Windows,32,0,Casual,0,No,No,707.88,3,0,0,,,
Asus,Intel,Core i5,8,DDR4,0,1024,Windows,64,2,Casual,0,No,No,1007.88,3,0,0,,,
MSI,Intel,Core i5,8,LPDDR4,0,512,DOS,32,6,Casual,0,No,No,3494.28,4,7,3,,,
MSI,Intel,Core i5,8,LPDDR4,0,512,DOS,32,6,Casual,0,No,No,1751.88,4,715,106,,,
MSI,Intel,Core i5,8,LPDDR4,0,512,DOS,32,8,Casual,0,No,No,2159.88,4,24,5,,,
HP,Intel,Core i5,8,DDR4,0,1024,Windows,64,2,Casual,1,No,Yes,779.88,4,23,4,,,
HP,Intel,Core i5,8,DDR4,0,1024,Windows,64,0,Casual,1,No,No,561.48,4,3062,325,,,
HP,Intel,Core i5,4,DDR4,0,1024,Windows,64,0,Casual,1,No,No,535.19,4,122,12,,,
Acer,Intel,Core i5,8,DDR4,0,1024,Windows,64,2,Casual,1,No,No,875.57,4,18,6,,,
HP,Intel,Core i5,8,DDR4,0,1024,Windows,32,0,Casual,1,No,Yes,585.48,3,11,1,,,
Acer,Intel,Core i5,8,DDR4,0,1024,Windows,64,2,Casual,1,No,No,677.89,3,30,6,,,
Asus,Intel,Core i5,8,DDR4,256,1024,Windows,32,0,Casual,1,No,Yes,611.88,4,1188,127,,,
Asus,Intel,Core i5,8,DDR4,256,1024,Windows,64,4,Gaming,0,No,No,671.88,4,23,0,,,
Acer,Intel,Core i5,8,DDR4,256,1024,Windows,64,0,Casual,1,No,No,695.88,4,32,1,,,
Asus,Intel,Core i5,8,DDR4,256,1024,Windows,64,0,Casual,1,No,No,635.88,3,0,0,,,
Dell,Intel,Core i5,8,DDR4,256,1024,Windows,64,0,Casual,1,No,No,695.88,4,47,0,,,
Acer,Intel,Core i5,8,DDR4,256,1024,Windows,64,0,ThinNlight,1,No,No,683.88,4,27,2,,,
Acer,Intel,Core i5,8,DDR4,256,1024,Windows,64,0,Casual,0,No,No,665.88,3,8,3,,,
Dell,Intel,Core i5,8,DDR4,256,1024,Windows,64,2,Casual,1,No,No,749.88,3,157,20,,,
Asus,Intel,Core i5,16,DDR4,256,1024,Windows,64,0,Casual,1,No,No,779.88,4,10,1,,,
Lenovo,Intel,Core i5,8,DDR4,256,1024,Windows,64,2,Casual,1,No,Yes,719.88,4,52,4,,,
Asus,Intel,Core i5,8,DDR4,256,1024,Windows,64,2,Casual,1,No,Yes,722.28,4,33,4,,,
Asus,Intel,Core i5,8,DDR4,256,1024,Windows,64,4,Gaming,0,No,No,653.88,4,343,47,,,
Lenovo,Intel,Core i5,8,DDR4,256,1024,Windows,64,4,Casual,1,No,Yes,731.88,4,131,17,,,
Dell,Intel,Core i5,4,DDR4,256,1024,Windows,64,0,ThinNlight,1,No,Yes,669.48,4,41,4,,,
Asus,Intel,Core i5,16,DDR4,256,1024,Windows,64,0,Casual,1,No,Yes,779.88,4,328,51,,,
Asus,Intel,Core i5,16,DDR4,256,1024,Windows,64,0,ThinNlight,0,No,No,707.88,4,6,1,,,
Dell,Intel,Core i5,8,DDR4,256,1024,Windows,64,0,ThinNlight,1,No,Yes,659.88,3,353,28,,,
HP,Intel,Core i5,8,DDR4,256,1024,Windows,64,4,Gaming,1,No,Yes,863.88,4,127,20,,,
Dell,Intel,Core i5,8,DDR4,256,1024,Windows,64,2,Casual,1,No,No,838.8,3,0,0,,,
Lenovo,Intel,Core i5,8,DDR4,256,1024,Windows,64,2,Casual,1,No,Yes,791.88,4,241,19,,,
Asus,Intel,Core i5,8,DDR4,256,1024,Windows,64,0,Casual,1,No,No,599.88,3,22,2,,,
Dell,Intel,Core i5,8,DDR4,256,1024,Windows,64,0,ThinNlight,1,No,Yes,707.88,4,8,1,,,
Lenovo,Intel,Core i5,8,DDR4,256,1024,Windows,64,4,Gaming,0,No,No,895.08,4,898,128,,,
Asus,Intel,Core i5,8,DDR4,256,1024,Windows,32,2,Casual,0,No,No,707.88,5,1,1,,,
Asus,Intel,Core i5,8,DDR4,256,1024,Windows,64,0,Casual,1,No,No,779.88,3,0,0,,,
Dell,Intel,Core i5,8,DDR4,256,1024,Windows,64,2,Casual,0,No,No,797.88,3,6,1,,,
Dell,Intel,Core i5,8,DDR4,256,1024,Windows,64,4,Casual,0,No,No,934.8,4,179,34,,,
Dell,Intel,Core i5,8,DDR4,256,1024,Windows,64,2,Casual,0,No,No,809.88,3,41,5,,,
Dell,Intel,Core i5,8,DDR4,256,1024,Windows,64,0,ThinNlight,1,No,Yes,743.88,3,0,0,,,
Dell,Intel,Core i5,8,DDR4,256,1024,Windows,64,0,Casual,1,No,Yes,707.88,4,114,9,,,
Lenovo,Intel,Core i5,8,DDR4,256,1024,Windows,64,4,Gaming,0,No,No,899.99,4,268,25,,,
Asus,Intel,Core i5,8,DDR4,256,1024,Windows,64,0,Casual,1,No,Yes,826.8,5,6,1,,,
Dell,Intel,Core i5,8,DDR4,256,1024,Windows,64,2,Casual,0,No,No,860.34,4,153,16,,,
Acer,Intel,Core i5,16,DDR4,256,1024,Windows,64,0,Casual,0,No,No,749.88,3,8,0,,,
Dell,Intel,Core i5,8,DDR4,0,2048,Windows,64,2,Casual,1,No,Yes,747.8,4,377,53,,,
MSI,Intel,Core i5,8,LPDDR4,0,512,DOS,32,8,Casual,0,No,No,2487.48,3,0,0,,,
Dell,Intel,Core i7,16,DDR4,256,0,Windows,64,4,Casual,1,No,Yes,1055.88,4,120,21,,,
Avita,Intel,Core i7,8,DDR4,256,0,Windows,64,0,ThinNlight,0,No,No,887.88,3,0,0,,,
Avita,Intel,Core i7,8,DDR4,256,0,Windows,64,0,ThinNlight,0,No,No,887.88,3,0,0,,,
Avita,Intel,Core i7,8,DDR4,256,0,Windows,64,0,ThinNlight,0,No,No,887.88,3,0,0,,,
Avita,Intel,Core i7,8,DDR4,256,0,Windows,64,0,ThinNlight,0,No,No,887.88,3,0,0,,,
Avita,Intel,Core i7,8,DDR4,256,0,Windows,64,0,ThinNlight,0,No,No,887.88,3,0,0,,,
Avita,Intel,Core i7,8,DDR4,256,0,Windows,64,0,ThinNlight,0,No,No,887.88,3,0,0,,,
Asus,Intel,Core i7,16,DDR4,512,0,Windows,64,0,Casual,1,No,No,695.88,4,76,9,,,
Asus,Intel,Core i7,8,DDR4,512,0,Windows,64,4,Gaming,0,No,No,743.88,4,11,2,,,
MSI,Intel,Core i7,16,DDR4,512,0,Windows,64,4,Casual,2,No,No,959.88,4,484,56,,,
Lenovo,Intel,Core i7,8,DDR4,512,0,Windows,64,4,Gaming,1,No,Yes,827.88,4,44,2,,,
Lenovo,Intel,Core i7,16,DDR4,512,0,Windows,64,0,Casual,1,Yes,Yes,1031.88,4,77,10,,,
Lenovo,Intel,Core i7,16,DDR4,512,0,Windows,64,4,Casual,1,No,Yes,1199.88,4,11,3,,,
Asus,Intel,Core i7,8,DDR4,512,0,Windows,64,0,Casual,1,No,Yes,935.88,4,21,5,,,
Lenovo,Intel,Core i7,8,DDR4,512,0,Windows,64,4,Gaming,0,No,No,959.88,4,5,2,,,
HP,Intel,Core i7,16,DDR4,512,0,Windows,64,4,Casual,1,No,Yes,1118.28,5,4,0,,,
Asus,Intel,Core i7,16,LPDDR4X,512,0,Windows,64,0,Casual,1,No,Yes,1139.88,3,0,0,,,
Lenovo,Intel,Core i7,16,DDR4,512,0,Windows,64,0,Casual,3,Yes,Yes,1019.88,4,13,2,,,
MSI,Intel,Core i7,8,DDR4,512,0,Windows,64,0,ThinNlight,0,No,No,695.88,4,15,0,,,
HP,Intel,Core i7,16,DDR4,512,0,Windows,64,0,Casual,1,Yes,Yes,1235.88,4,11,2,,,
Dell,Intel,Core i7,16,DDR4,512,0,Windows,64,4,Casual,1,No,No,1199.88,3,0,0,,,
Asus,Intel,Core i7,16,DDR4,512,0,Windows,64,4,Gaming,0,No,No,1139.88,4,118,15,,,
HP,Intel,Core i7,16,DDR4,512,0,Windows,64,0,Casual,1,Yes,Yes,1248,3,0,0,,,
MSI,Intel,Core i7,16,DDR4,512,0,Windows,64,2,Casual,0,No,No,923.88,3,0,0,,,
HP,Intel,Core i7,16,DDR4,512,0,Windows,64,4,Gaming,1,No,Yes,1082.28,4,6,1,,,
Lenovo,Intel,Core i7,16,DDR4,512,0,Windows,32,0,Casual,0,Yes,No,1061.86,3,0,0,,,
MSI,Intel,Core i7,16,DDR4,512,0,Windows,64,4,Casual,1,No,No,1319.88,4,138,30,,,
MSI,Intel,Core i7,16,DDR4,512,0,Windows,64,4,Casual,0,No,No,1043.88,3,0,0,,,
MSI,Intel,Core i7,16,LPDDR4X,512,0,Windows,64,0,Casual,1,No,No,1079.88,3,0,0,,,
HP,Intel,Core i7,16,LPDDR3,512,0,Windows,64,0,Casual,1,Yes,Yes,2877.11,3,0,0,,,
Asus,Intel,Core i7,16,DDR4,512,0,Windows,64,2,Casual,1,No,Yes,947.88,4,35,4,,,
Dell,Intel,Core i7,16,DDR3,512,0,Windows,64,0,ThinNlight,1,No,Yes,1462.68,1,3,0,,,
Asus,Intel,Core i7,16,LPDDR3,512,0,Windows,64,0,ThinNlight,1,No,No,1031.88,4,18,0,,,
MSI,Intel,Core i7,16,DDR4,512,0,Windows,64,4,Casual,2,No,No,1139.88,3,0,0,,,
HP,Intel,Core i7,16,DDR4,512,0,Windows,64,4,Gaming,1,No,Yes,1104,4,8,1,,,
HP,Intel,Core i7,16,DDR4,512,0,Windows,64,0,Casual,1,Yes,No,1955.88,3,3,1,,,
Dell,Intel,Core i7,16,LPDDR4X,512,0,Windows,64,0,ThinNlight,1,No,Yes,1623.6,5,5,2,,,
MSI,Intel,Core i7,16,DDR4,512,0,Windows,64,0,Casual,0,No,No,779.88,4,33,5,,,
Lenovo,Intel,Core i7,16,DDR4,512,0,Windows,64,0,ThinNlight,3,No,No,2094.32,3,0,0,,,
Lenovo,Intel,Core i7,16,DDR4,512,0,Windows,64,0,ThinNlight,0,No,No,1947.59,3,0,0,,,
Dell,Intel,Core i7,16,DDR4,512,0,Windows,64,0,Casual,1,Yes,Yes,1310.28,3,0,0,,,
HP,Intel,Core i7,16,DDR4,512,0,Windows,64,0,Casual,1,Yes,Yes,1199.99,3,0,0,,,
MSI,Intel,Core i7,16,DDR4,512,0,Windows,64,2,Casual,1,No,No,1259.88,4,85,9,,,
Asus,Intel,Core i7,16,LPDDR4X,512,0,Windows,64,0,ThinNlight,0,Yes,No,1319.88,3,0,0,,,
Asus,Intel,Core i7,16,DDR3,512,0,Windows,64,0,ThinNlight,1,No,No,1199.88,4,30,7,,,
Lenovo,Intel,Core i7,16,DDR4,512,0,Windows,64,2,ThinNlight,0,No,No,2937.61,3,0,0,,,
Asus,Intel,Core i7,16,LPDDR4X,512,0,Windows,64,0,ThinNlight,0,No,No,1139.88,3,0,0,,,
Lenovo,Intel,Core i7,16,DDR4,512,0,Windows,64,0,ThinNlight,1,No,Yes,1032,3,0,0,,,
Lenovo,Intel,Core i7,16,DDR4,512,0,Windows,32,2,Casual,0,No,No,1948.79,3,0,0,,,
HP,Intel,Core i7,16,DDR4,512,0,Windows,32,0,Casual,0,No,No,1435.19,3,0,0,,,
Lenovo,Intel,Core i7,16,LPDDR3,512,0,Windows,64,0,ThinNlight,0,No,No,2541.04,3,0,0,,,
Lenovo,Intel,Core i7,16,DDR4,512,0,Windows,32,0,Casual,0,No,No,1331.99,3,0,0,,,
Dell,Intel,Core i7,16,DDR4,512,0,Windows,64,4,Casual,1,No,No,1199.88,3,0,0,,,
Asus,Intel,Core i7,8,LPDDR3,512,0,Windows,64,0,ThinNlight,1,No,No,983.88,4,40,4,,,
MSI,Intel,Core i7,8,DDR4,512,0,Windows,64,4,Casual,2,No,No,803.88,4,1639,230,,,
MSI,Intel,Core i7,16,DDR4,1024,0,Windows,64,6,Casual,2,No,No,1019.88,4,498,64,,,
Asus,Intel,Core i7,16,LPDDR4X,1024,0,Windows,64,2,Casual,1,Yes,Yes,1259.88,3,0,0,,,
Asus,Intel,Core i7,16,LPDDR4X,1024,0,Windows,64,0,Casual,1,Yes,No,1619.88,3,0,0,,,
Asus,Intel,Core i7,16,DDR4,1024,0,Windows,64,4,Gaming,0,No,No,1187.88,4,445,56,,,
HP,Intel,Core i7,16,DDR4,1024,0,Windows,64,6,Casual,1,No,Yes,1736.28,4,17,4,,,
Asus,Intel,Core i7,16,LPDDR4X,1024,0,Windows,64,0,ThinNlight,0,No,No,1199.88,3,0,0,,,
MSI,Intel,Core i7,16,DDR4,1024,0,Windows,64,6,Casual,2,No,No,1439.88,4,20,3,,,
Asus,Intel,Core i7,16,DDR4,1024,0,Windows,32,4,Casual,1,No,No,2339.88,3,0,0,,,
Asus,Intel,Core i7,16,LPDDR3,1024,0,Windows,64,2,Casual,1,No,Yes,1499.88,4,17,1,,,
Dell,Intel,Core i7,16,DDR4,1024,0,Windows,64,2,Casual,0,No,No,1468.92,3,0,0,,,
HP,Intel,Core i7,16,DDR4,1024,0,Windows,64,0,Casual,1,Yes,No,2159.88,4,13,5,,,
MSI,Intel,Core i7,16,DDR4,1024,0,Windows,64,4,Casual,2,Yes,No,1859.88,4,3,2,,,
Lenovo,Intel,Core i7,16,LPDDR4X,1024,0,Windows,64,0,Casual,1,No,Yes,1475.88,3,4,2,,,
Asus,Intel,Core i7,16,DDR4,1024,0,Windows,64,6,Casual,1,Yes,No,2699.88,4,9,0,,,
MSI,Intel,Core i7,16,DDR5,1024,0,Windows,64,8,Casual,0,No,No,3359.88,3,0,0,,,
HP,Intel,Core i7,16,DDR4,1024,0,Windows,64,4,Casual,0,No,No,1463.88,3,0,0,,,
HP,Intel,Core i7,16,DDR4,1024,0,Windows,64,4,Casual,0,No,No,1403.88,3,0,0,,,
Lenovo,Intel,Core i7,16,DDR4,1024,0,Windows,64,6,Casual,0,No,No,1813.18,4,7,0,,,
MSI,Intel,Core i7,16,DDR4,1024,0,Windows,64,8,Casual,2,No,No,1559.88,4,14,3,,,
HP,Intel,Core i7,16,LPDDR4X,1024,0,Windows,64,0,Casual,1,Yes,No,1799.99,3,0,0,,,
MSI,Intel,Core i7,16,DDR4,1024,0,Windows,64,6,Casual,0,No,No,1679.88,4,4,2,,,
Acer,Intel,Core i7,16,DDR4,1024,0,Windows,64,6,Casual,1,No,No,1559.88,4,54,7,,,
HP,Intel,Core i7,16,DDR4,1024,0,Windows,64,8,Casual,1,No,Yes,2063.88,3,0,0,,,
Dell,Intel,Core i7,16,DDR4,1024,0,Windows,64,2,Casual,1,No,Yes,1127.46,4,4,0,,,
Asus,Intel,Core i7,16,DDR4,1024,0,Windows,64,8,Casual,0,No,No,2819.88,3,0,0,,,
HP,Intel,Core i7,16,LPDDR4X,1024,0,Windows,64,0,Casual,1,Yes,Yes,1542,3,3,1,,,
Lenovo,Intel,Core i7,16,DDR4,1024,0,Windows,64,0,Casual,1,Yes,Yes,1235.88,4,16,2,,,
Asus,Intel,Core i7,16,LPDDR4X,1024,0,Windows,64,0,Casual,1,Yes,No,1439.88,4,8,1,,,
Asus,Intel,Core i7,16,DDR4,1024,0,Windows,32,6,Casual,0,No,No,1451.76,3,0,0,,,
Asus,Intel,Core i7,16,DDR4,1024,0,Windows,32,6,Casual,1,No,No,1886.99,4,7,0,,,
Lenovo,Intel,Core i7,16,DDR4,1024,0,Windows,64,4,ThinNlight,0,No,No,2758.8,3,0,0,,,
Asus,Intel,Core i7,16,DDR4,1024,0,Windows,64,6,Casual,1,No,No,1578,3,0,0,,,
Asus,Intel,Core i7,16,LPDDR3,1024,0,Windows,64,0,Casual,0,No,No,1859.88,5,3,0,,,
Asus,Intel,Core i7,16,LPDDR3,1024,0,Windows,64,0,Casual,0,No,No,1991.88,3,0,0,,,
Lenovo,Intel,Core i7,16,LPDDR4X,1024,0,Windows,64,0,ThinNlight,0,No,No,1439.88,2,2,1,,,
Asus,Intel,Core i7,16,LPDDR3,1024,0,Windows,64,0,Casual,0,No,No,2015.88,3,0,0,,,
HP,Intel,Core i7,16,LPDDR4X,1024,0,Windows,64,0,Casual,1,Yes,No,1980,3,0,0,,,
Avita,Intel,Core i7,16,DDR4,1024,0,Windows,64,0,ThinNlight,0,No,No,755.88,3,207,49,,,
Lenovo,Intel,Core i7,16,LPDDR4,1024,0,Windows,64,0,Casual,1,No,Yes,1031.88,3,7,2,,,
HP,Intel,Core i7,16,DDR4,1024,0,Windows,64,2,Casual,1,No,Yes,1139.88,3,0,0,,,
HP,Intel,Core i7,16,DDR4,1024,0,Windows,64,6,Casual,1,No,Yes,1643.88,3,0,0,,,
Lenovo,Intel,Core i7,16,DDR4,1024,0,Windows,64,8,Casual,1,No,Yes,2819.88,3,0,0,,,
Acer,Intel,Core i7,16,DDR4,2048,0,Windows,64,8,Casual,1,No,No,1919.88,3,4,0,,,
Asus,Intel,Core i7,16,LPDDR3,2048,0,Windows,64,0,Casual,0,No,No,2807.88,3,0,0,,,
Asus,Intel,Core i7,16,DDR4,0,1024,Windows,64,2,Casual,0,No,No,1127.88,3,0,0,,,
HP,Intel,Core i7,16,DDR4,128,1024,Windows,64,4,Casual,1,No,No,1403.29,3,0,0,,,
MSI,Intel,Core i7,8,DDR4,256,1024,Windows,64,4,Casual,2,No,No,767.88,4,794,83,,,
Asus,Intel,Core i7,16,DDR4,256,1024,Windows,64,4,Gaming,0,No,No,803.88,4,25,4,,,
Asus,Intel,Core i7,16,DDR4,256,1024,Windows,32,0,ThinNlight,0,No,No,990,3,0,0,,,
Acer,Intel,Core i7,16,DDR4,256,1024,Windows,64,6,Casual,1,No,No,1439.88,4,2038,313,,,
MSI,Intel,Core i7,16,DDR4,256,1024,Windows,64,4,Casual,3,No,No,1919.88,3,0,0,,,
Asus,Intel,Core i7,16,DDR4,256,1024,Windows,64,0,ThinNlight,0,No,No,1186.94,3,0,0,,,
Acer,Intel,Core i7,16,DDR4,512,1024,Windows,64,4,Casual,1,No,No,1115.88,4,214,37,,,
Acer,Intel,Core i7,16,DDR4,512,1024,Windows,32,6,Casual,1,No,No,1439.88,4,342,54,,,
Acer,Intel,Core i9,32,DDR4,1024,0,Windows,64,8,Casual,1,No,No,2039.88,3,0,0,,,
Acer,Intel,Core i9,16,DDR4,1024,0,Windows,64,6,Casual,1,No,No,1679.88,3,0,0,,,
MSI,Intel,Core i9,16,DDR4,1024,0,Windows,64,6,Casual,0,No,No,2315.88,3,0,0,,,
Asus,Intel,Core i9,16,DDR5,1024,0,Windows,64,6,Casual,0,No,No,3599.88,3,0,0,,,
Asus,Intel,Core i9,16,DDR4,1024,0,Windows,64,6,Casual,1,Yes,No,3239.88,4,8,1,,,
Asus,Intel,Core i9,16,DDR4,1024,0,Windows,64,6,Gaming,1,No,No,1679.88,3,0,0,,,
Lenovo,Intel,Core i9,16,DDR4,1024,0,Windows,32,8,Casual,0,No,No,3191.98,3,0,0,,,
Asus,Intel,Core i9,16,DDR4,3072,0,Windows,32,6,Casual,1,No,No,5303.88,5,1,1,,,
MSI,Intel,Core i5,8,LPDDR4,0,512,DOS,32,4,Casual,0,No,No,1043.88,4,218,27,,,
MSI,Intel,Core i5,8,LPDDR4,0,512,DOS,32,6,Casual,0,No,No,1319.88,4,78,16,,,
MSI,Intel,Core i5,8,LPDDR4,0,512,DOS,32,4,Casual,0,No,No,1315.08,4,5,2,,,
Asus,Intel,Core i7,16,LPDDR4X,0,512,DOS,32,6,Casual,0,No,No,1757.88,3,2,1,,,
Apple,M1,M1,8,DDR4,256,0,Mac,64,0,Casual,1,No,No,1031.88,4,6725,629,,,
Apple,M1,M1,8,DDR4,256,0,Mac,64,0,Casual,1,No,No,1355.88,4,640,70,,,
Apple,M1,M1,16,DDR4,256,0,Mac,64,0,Casual,1,No,No,1259.88,4,45,4,,,
Apple,M1,M1,8,DDR4,256,0,Mac,64,0,Casual,1,No,No,1355.88,4,640,70,,,
Apple,M1,M1,16,DDR4,256,0,Mac,64,0,Casual,1,No,No,1595.88,4,640,70,,,
Apple,M1,M1,16,DDR4,256,0,Mac,64,0,Casual,1,No,No,1259.88,4,45,4,,,
Apple,M1,M1,8,DDR4,256,0,Mac,64,0,Casual,1,No,No,1031.88,4,6725,629,,,
Apple,M1,M1,16,DDR4,512,0,Mac,64,0,Casual,1,No,No,1799.88,4,640,70,,,
Apple,M1,M1,8,DDR4,512,0,Mac,64,0,Casual,1,No,No,1511.88,4,399,45,,,
Apple,M1,M1,8,DDR4,512,0,Mac,64,0,Casual,1,No,No,1247.88,4,809,91,,,
Apple,M1,M1,8,DDR4,512,0,Mac,64,0,Casual,1,No,No,1223.88,4,809,91,,,
Apple,M1,M1,8,DDR4,512,0,Mac,64,0,Casual,1,No,No,1259.88,4,6725,629,,,
Apple,M1,M1,8,DDR4,512,0,Mac,64,0,Casual,1,No,No,1583.88,4,399,45,,,
Apple,M1,M1,16,DDR4,512,0,Mac,64,0,Casual,1,No,No,1547.88,4,45,4,,,
Apple,M1,M1,16,DDR4,512,0,Mac,64,0,Casual,1,No,No,2219.88,4,42,8,,,
Apple,M1,M1,16,DDR4,512,0,Mac,64,0,Casual,1,No,No,2711.88,4,42,8,,,
Apple,M1,M1,4,DDR4,512,0,Mac,64,0,Casual,1,No,No,1499.88,4,45,4,,,
Apple,M1,M1,8,DDR4,512,0,Mac,64,0,Casual,1,No,No,1259.88,4,6725,629,,,
Apple,M1,M1,8,DDR4,1024,0,Mac,64,0,Casual,1,No,No,1799.88,4,640,70,,,
Apple,M1,M1,16,DDR4,1024,0,Mac,64,0,Casual,1,No,No,2039.88,4,640,70,,,
Apple,M1,M1,16,DDR4,1024,0,Mac,64,0,Casual,1,No,No,2711.88,4,42,8,,,
Apple,M1,M1,16,DDR4,1024,0,Mac,64,0,Casual,1,No,No,2927.88,4,42,8,,,
Apple,M1,M1,32,DDR4,1024,0,Mac,64,0,Casual,1,No,No,3719.88,5,3,1,,,
Apple,M1,M1,16,DDR4,1024,0,Mac,64,0,Casual,1,No,No,2711.88,4,42,8,,,
Asus,Intel,Pentium Quad,4,LPDDR4X,0,512,Windows,64,0,Casual,0,No,No,551.88,3,0,0,,,
Asus,Intel,Pentium Quad,4,DDR4,128,0,Windows,32,0,Casual,0,Yes,No,697.2,3,0,0,,,
Asus,Intel,Pentium Quad,8,LPDDR4X,256,0,Windows,64,0,Casual,1,Yes,No,755.88,3,0,0,,,
HP,Intel,Pentium Quad,8,DDR4,256,0,Windows,64,0,ThinNlight,1,No,Yes,395.88,4,77,9,,,
Asus,Intel,Pentium Quad,4,DDR4,256,0,Windows,64,0,ThinNlight,1,No,Yes,407.88,4,6,0,,,
Acer,Intel,Pentium Quad,4,DDR4,256,0,Windows,64,0,Casual,1,No,No,371.88,4,465,89,,,
Dell,Intel,Pentium Quad,4,DDR4,256,0,Windows,64,0,ThinNlight,1,No,No,432,4,102,16,,,
Asus,Intel,Pentium Quad,4,DDR4,256,0,Windows,64,0,ThinNlight,1,No,Yes,395.88,4,7,1,,,
Dell,Intel,Pentium Quad,4,DDR4,256,0,Windows,64,0,Casual,1,No,No,431.88,3,0,0,,,
Asus,Intel,Pentium Quad,4,LPDDR4,0,1024,Windows,64,0,Casual,0,No,No,335.88,3,0,0,,,
Asus,Intel,Pentium Quad,4,DDR4,0,1024,Windows,64,0,Casual,1,No,No,311.88,3,4741,658,,,
Asus,Intel,Pentium Quad,4,DDR4,0,1024,Windows,64,0,Casual,1,No,No,311.88,3,2736,350,,,
Asus,Intel,Pentium Quad,4,DDR4,0,1024,Windows,64,0,Casual,0,No,No,369.36,3,0,0,,,
HP,AMD,Ryzen 3,8,DDR4,256,0,Windows,64,0,ThinNlight,1,No,No,455.88,4,2214,241,,,
Asus,AMD,Ryzen 3,8,DDR4,256,0,Windows,64,0,ThinNlight,1,No,No,431.88,4,2886,375,,,
Dell,AMD,Ryzen 3,8,DDR4,256,0,Windows,64,0,ThinNlight,0,No,No,473.88,4,34,4,,,
Dell,AMD,Ryzen 3,8,DDR4,256,0,Windows,64,0,ThinNlight,0,No,No,443.88,4,137,15,,,
Dell,AMD,Ryzen 3,8,DDR4,256,0,Windows,64,0,ThinNlight,1,No,No,479.88,4,7,0,,,
Asus,AMD,Ryzen 3,4,DDR4,256,0,Windows,64,0,ThinNlight,1,No,No,404.28,4,170,26,,,
Dell,AMD,Ryzen 3,8,DDR4,256,0,Windows,64,0,ThinNlight,0,No,No,487.08,3,0,0,,,
Asus,AMD,Ryzen 3,4,DDR4,256,0,Windows,64,0,Casual,1,No,No,455.88,4,39,3,,,
Asus,AMD,Ryzen 3,4,DDR4,256,0,Windows,64,0,ThinNlight,1,No,Yes,414,4,2886,375,,,
Acer,AMD,Ryzen 3,8,DDR4,512,0,Windows,64,0,Casual,1,No,No,443.88,4,11,2,,,
HP,AMD,Ryzen 3,8,DDR4,512,0,Windows,64,0,ThinNlight,0,No,No,521.88,4,163,33,,,
HP,AMD,Ryzen 3,8,DDR4,512,0,Windows,64,0,ThinNlight,1,No,Yes,497.88,4,153,21,,,
Acer,AMD,Ryzen 3,4,DDR4,512,0,Windows,64,0,Casual,0,No,No,419.88,3,0,0,,,
HP,AMD,Ryzen 3,4,DDR4,512,0,Windows,64,0,ThinNlight,1,No,Yes,533.88,4,267,42,,,
Dell,AMD,Ryzen 3,4,DDR4,512,0,Windows,64,0,ThinNlight,0,No,No,487.08,3,0,0,,,
Dell,AMD,Ryzen 3,8,DDR4,512,0,Windows,64,0,ThinNlight,0,No,No,505.08,3,3,0,,,
Dell,AMD,Ryzen 3,8,DDR4,0,1024,Windows,64,0,ThinNlight,1,No,Yes,431.88,4,59,12,,,
HP,AMD,Ryzen 3,8,DDR4,0,1024,Windows,64,0,ThinNlight,1,No,Yes,473.88,4,7291,895,,,
Dell,AMD,Ryzen 3,8,DDR4,0,1024,Windows,64,0,ThinNlight,0,No,No,448.68,4,38,5,,,
Dell,AMD,Ryzen 3,4,DDR4,0,1024,Windows,64,0,ThinNlight,1,No,Yes,631.58,3,0,0,,,
Dell,AMD,Ryzen 3,4,DDR4,0,1024,Windows,64,0,Casual,1,No,Yes,479.88,4,409,39,,,
Dell,AMD,Ryzen 3,4,DDR4,0,1024,Windows,64,0,Casual,1,No,No,527.88,3,0,0,,,
HP,AMD,Ryzen 3,4,DDR4,0,1024,Windows,64,0,Casual,1,No,No,395,4,353,58,,,
Lenovo,AMD,Ryzen 3,4,DDR4,0,1024,Windows,64,0,Casual,0,No,No,419.88,3,38,6,,,
Dell,AMD,Ryzen 3,8,DDR4,0,1024,Windows,64,0,ThinNlight,0,No,No,479.88,3,18,4,,,
HP,AMD,Ryzen 3,8,DDR4,256,1024,Windows,64,0,Casual,1,No,Yes,503.99,4,3524,432,,,
Dell,AMD,Ryzen 5,8,DDR4,256,0,Windows,64,0,Casual,1,No,Yes,503.88,4,939,107,,,
Dell,AMD,Ryzen 5,8,DDR4,256,0,Windows,64,0,ThinNlight,1,No,No,533.88,4,14,1,,,
Dell,AMD,Ryzen 5,8,DDR4,256,0,Windows,64,0,Casual,1,No,Yes,503.88,4,649,84,,,
Dell,AMD,Ryzen 5,8,DDR4,256,0,Windows,64,0,ThinNlight,1,No,Yes,533.88,4,8,2,,,
MSI,AMD,Ryzen 5,4,DDR4,256,0,Windows,64,0,Casual,1,No,No,599.88,3,0,0,,,
Dell,AMD,Ryzen 5,4,DDR4,256,0,Windows,64,0,ThinNlight,1,No,No,532.68,4,276,24,,,
HP,AMD,Ryzen 5,8,DDR4,512,0,Windows,64,4,Casual,1,No,No,695.88,4,4740,532,,,
Lenovo,AMD,Ryzen 5,8,DDR4,512,0,Windows,64,4,Gaming,1,No,Yes,683.88,4,162,15,,,
Lenovo,AMD,Ryzen 5,8,DDR4,512,0,Windows,64,0,ThinNlight,1,No,No,587.88,4,219,27,,,
HP,AMD,Ryzen 5,8,DDR4,512,0,Windows,64,0,ThinNlight,1,No,Yes,599.64,4,193,28,,,
MSI,AMD,Ryzen 5,8,DDR4,512,0,Windows,64,0,Casual,0,No,No,575.88,4,562,89,,,
HP,AMD,Ryzen 5,8,DDR4,512,0,Windows,64,0,ThinNlight,1,No,Yes,587.88,4,45,5,,,
Acer,AMD,Ryzen 5,8,LPDDR4X,512,0,Windows,64,0,ThinNlight,1,No,No,647.88,4,7,0,,,
Lenovo,AMD,Ryzen 5,8,DDR4,512,0,Windows,64,0,Casual,1,No,Yes,635.88,4,39,5,,,
Acer,AMD,Ryzen 5,8,DDR4,512,0,Windows,64,0,Casual,1,No,No,527.88,3,0,0,,,
Lenovo,AMD,Ryzen 5,8,DDR4,512,0,Windows,64,4,Gaming,0,No,No,713.88,4,92,10,,,
MSI,AMD,Ryzen 5,8,DDR4,512,0,Windows,64,4,Casual,0,No,No,779.88,4,469,80,,,
Dell,AMD,Ryzen 5,8,DDR4,512,0,Windows,64,0,ThinNlight,0,No,No,569.88,2,2,1,,,
HP,AMD,Ryzen 5,8,DDR4,512,0,Windows,64,4,Casual,1,No,No,719.88,4,1978,188,,,
Lenovo,AMD,Ryzen 5,8,DDR4,512,0,Windows,64,4,Casual,0,No,No,839.88,4,9,0,,,
HP,AMD,Ryzen 5,8,DDR4,512,0,Windows,64,4,Casual,1,No,No,707.88,4,1049,134,,,
Dell,AMD,Ryzen 5,8,DDR4,512,0,Windows,64,0,ThinNlight,1,No,No,713.88,4,74,18,,,
HP,AMD,Ryzen 5,16,DDR4,512,0,Windows,64,0,ThinNlight,1,No,Yes,810,4,196,19,,,
HP,AMD,Ryzen 5,8,DDR4,512,0,Windows,32,0,Casual,0,No,No,587.88,4,17,1,,,
Asus,AMD,Ryzen 5,8,DDR4,512,0,Windows,64,0,Casual,1,Yes,Yes,749.4,4,172,36,,,
Asus,AMD,Ryzen 5,8,DDR4,512,0,Windows,64,0,Casual,1,No,No,707.88,4,324,34,,,
HP,AMD,Ryzen 5,8,DDR4,512,0,Windows,64,0,ThinNlight,1,No,Yes,695.99,4,86,15,,,
Asus,AMD,Ryzen 5,16,DDR4,512,0,Windows,64,0,Casual,0,No,No,683.88,4,4,1,,,
HP,AMD,Ryzen 5,8,DDR4,512,0,Windows,64,4,Casual,1,No,Yes,875.88,4,16,4,,,
HP,AMD,Ryzen 5,16,DDR4,512,0,Windows,64,0,Casual,1,No,Yes,791.88,4,104,18,,,
HP,AMD,Ryzen 5,16,DDR4,512,0,Windows,64,0,Casual,1,Yes,Yes,1176.24,3,0,0,,,
HP,AMD,Ryzen 5,16,DDR4,512,0,Windows,64,2,Casual,1,No,Yes,767.88,4,90,13,,,
Asus,AMD,Ryzen 5,8,DDR4,512,0,Windows,32,0,ThinNlight,1,No,Yes,598.68,4,6,1,,,
Dell,AMD,Ryzen 5,8,DDR4,512,0,Windows,64,0,ThinNlight,1,No,Yes,599.88,4,47,7,,,
Dell,AMD,Ryzen 5,8,DDR4,512,0,Windows,64,0,ThinNlight,1,No,Yes,713.88,3,0,0,,,
HP,AMD,Ryzen 5,8,DDR4,512,0,Windows,64,0,Casual,1,Yes,Yes,887.99,4,206,27,,,
Dell,AMD,Ryzen 5,4,DDR4,512,0,Windows,64,0,ThinNlight,1,No,Yes,731.88,4,183,42,,,
Dell,AMD,Ryzen 5,4,DDR4,512,0,Windows,64,6,Casual,0,No,No,914.28,4,358,64,,,
Lenovo,AMD,Ryzen 5,4,LPDDR4X,512,0,Windows,64,0,ThinNlight,3,Yes,Yes,897.58,3,0,0,,,
Asus,AMD,Ryzen 5,4,DDR4,512,0,Windows,64,0,Casual,1,No,No,707.88,4,88,13,,,
HP,AMD,Ryzen 5,4,DDR4,512,0,Windows,32,4,Casual,0,No,No,817.2,3,0,0,,,
Lenovo,AMD,Ryzen 5,4,DDR4,512,0,Windows,64,0,ThinNlight,1,Yes,Yes,935.88,3,0,0,,,
HP,AMD,Ryzen 5,4,DDR4,512,0,Windows,64,0,ThinNlight,1,No,Yes,661.08,4,364,52,,,
Asus,AMD,Ryzen 5,4,LPDDR4X,512,0,Windows,64,0,Casual,0,Yes,No,1103.88,3,0,0,,,
HP,AMD,Ryzen 5,4,DDR4,512,0,Windows,64,0,Casual,1,No,Yes,1010.5,3,0,0,,,
Acer,AMD,Ryzen 5,4,DDR4,512,0,Windows,64,0,Casual,1,No,No,539.88,4,313,39,,,
HP,AMD,Ryzen 5,4,DDR4,512,0,Windows,64,0,ThinNlight,1,No,Yes,641.88,4,826,118,,,
Lenovo,AMD,Ryzen 5,4,DDR4,512,0,Windows,64,4,Casual,0,No,No,917.98,3,0,0,,,
Dell,AMD,Ryzen 5,4,DDR4,512,0,Windows,64,4,Casual,1,No,No,1187.04,3,0,0,,,
MSI,AMD,Ryzen 5,4,DDR4,512,0,Windows,64,0,Casual,0,No,No,659.88,4,1410,203,,,
Acer,AMD,Ryzen 5,4,DDR4,512,0,Windows,64,0,Casual,1,No,No,599.88,4,47,6,,,
HP,AMD,Ryzen 5,4,DDR4,512,0,Windows,32,0,Casual,0,No,No,628.56,3,0,0,,,
Acer,AMD,Ryzen 5,4,DDR4,512,0,Windows,64,0,ThinNlight,1,No,No,599.88,4,6,1,,,
HP,AMD,Ryzen 5,4,DDR4,512,0,Windows,64,0,ThinNlight,1,No,Yes,630,4,741,67,,,
Asus,AMD,Ryzen 5,4,DDR4,512,0,Windows,64,0,ThinNlight,1,No,Yes,599.88,4,14,2,,,
Acer,AMD,Ryzen 5,4,DDR4,512,0,Windows,64,0,ThinNlight,1,No,No,911.99,3,0,0,,,
Asus,AMD,Ryzen 5,4,DDR4,512,0,Windows,64,0,Casual,1,No,No,971.88,3,0,0,,,
Lenovo,AMD,Ryzen 5,4,DDR4,512,0,Windows,32,0,Casual,1,No,No,718.8,3,3,0,,,
HP,AMD,Ryzen 5,4,DDR4,512,0,Windows,64,0,ThinNlight,1,No,Yes,655.08,4,349,69,,,
Dell,AMD,Ryzen 5,4,DDR4,512,0,Windows,64,0,Casual,1,Yes,Yes,906,3,0,0,,,
HP,AMD,Ryzen 5,8,DDR4,512,0,Windows,64,0,ThinNlight,1,No,Yes,622.68,4,519,48,,,
Asus,AMD,Ryzen 5,16,DDR4,512,0,Windows,64,0,Casual,1,No,No,936,2,3,0,,,
HP,AMD,Ryzen 5,16,DDR4,512,0,Windows,64,0,ThinNlight,1,No,Yes,719.99,4,19,1,,,
HP,AMD,Ryzen 5,8,DDR4,512,0,Windows,64,4,Gaming,1,No,Yes,779.88,3,8,1,,,
Dell,AMD,Ryzen 5,4,DDR4,1024,0,Windows,32,0,Casual,0,No,No,694.8,4,3,1,,,
Lenovo,AMD,Ryzen 5,4,LPDDR4X,1024,0,Windows,64,0,ThinNlight,3,Yes,Yes,983.74,3,0,0,,,
HP,AMD,Ryzen 5,4,DDR4,0,1024,Windows,64,4,Gaming,1,No,No,719.88,4,1480,151,,,
Dell,AMD,Ryzen 5,8,DDR4,256,1024,Windows,64,0,Casual,0,No,No,593.88,4,31,3,,,
Asus,AMD,Ryzen 5,8,DDR4,256,1024,Windows,64,0,Casual,1,No,No,659.88,4,18,3,,,
Lenovo,AMD,Ryzen 5,8,DDR4,256,1024,Windows,64,4,Casual,0,No,No,822,4,271,24,,,
Asus,AMD,Ryzen 5,8,DDR4,256,1024,Windows,64,0,Casual,1,No,No,659.88,4,49,6,,,
Asus,AMD,Ryzen 5,8,DDR4,256,1024,Windows,32,0,Casual,1,No,Yes,659.88,4,474,65,,,
Lenovo,AMD,Ryzen 5,8,DDR4,256,1024,Windows,64,0,Gaming,1,No,Yes,767.88,4,861,116,,,
HP,AMD,Ryzen 5,4,DDR4,256,1024,Windows,64,4,Gaming,1,No,No,960,4,34,6,,,
Dell,AMD,Ryzen 5,4,DDR4,256,1024,Windows,32,0,Casual,0,No,No,623.88,3,0,0,,,
Asus,AMD,Ryzen 5,4,DDR4,256,1024,Windows,64,0,Casual,1,No,Yes,755.88,4,165,34,,,
HP,AMD,Ryzen 5,4,DDR4,256,1024,Windows,64,0,ThinNlight,1,No,No,635.88,4,698,74,,,
Asus,AMD,Ryzen 5,4,DDR4,256,1024,Windows,64,0,ThinNlight,1,No,Yes,901.2,3,0,0,,,
Asus,AMD,Ryzen 7,16,DDR4,512,0,Windows,32,4,Gaming,0,No,No,923.88,4,22,3,,,
Asus,AMD,Ryzen 7,16,DDR4,512,0,Windows,64,4,Casual,1,No,No,959.88,3,0,0,,,
Asus,AMD,Ryzen 7,8,DDR4,512,0,Windows,64,4,Casual,0,No,No,863.88,4,144,16,,,
Asus,AMD,Ryzen 7,8,DDR4,512,0,Windows,64,4,Casual,0,No,No,863.88,4,1810,235,,,
Lenovo,AMD,Ryzen 7,16,DDR4,512,0,Windows,64,4,Casual,1,No,Yes,1199.88,4,26,1,,,
Asus,AMD,Ryzen 7,16,DDR4,512,0,Windows,64,0,Casual,1,No,No,959.88,3,0,0,,,
Dell,AMD,Ryzen 7,16,DDR4,512,0,Windows,64,4,Casual,1,No,No,1127.88,3,0,0,,,
Asus,AMD,Ryzen 7,16,DDR4,512,0,Windows,64,4,Gaming,0,No,No,995.88,4,1067,145,,,
Asus,AMD,Ryzen 7,4,DDR5,512,0,Windows,64,4,Casual,0,No,No,1283.88,3,0,0,,,
Asus,AMD,Ryzen 7,4,DDR4,512,0,Windows,64,0,Casual,1,No,No,1115.88,4,25,4,,,
Lenovo,Intel,Ryzen 7,4,DDR4,512,0,Windows,32,4,Casual,3,No,Yes,977.88,3,0,0,,,
Asus,AMD,Ryzen 7,4,DDR4,512,0,Windows,64,0,Casual,1,No,Yes,683.88,3,0,0,,,
MSI,AMD,Ryzen 7,4,DDR4,512,0,Windows,64,0,Casual,0,No,No,779.88,3,0,0,,,
Lenovo,AMD,Ryzen 7,4,DDR4,512,0,Windows,64,0,Casual,1,No,Yes,731.88,4,530,69,,,
Lenovo,AMD,Ryzen 7,4,DDR4,512,0,Windows,64,4,Casual,1,No,Yes,1019.86,3,0,0,,,
HP,AMD,Ryzen 7,4,DDR4,512,0,Windows,64,4,Casual,1,No,No,1091.88,4,273,40,,,
Asus,AMD,Ryzen 7,4,DDR4,512,0,Windows,64,0,Casual,1,No,No,767.88,4,77,7,,,
Lenovo,AMD,Ryzen 7,4,DDR4,512,0,Windows,64,0,Casual,1,No,Yes,767.88,4,105,10,,,
HP,AMD,Ryzen 7,4,DDR4,512,0,Windows,64,0,ThinNlight,1,No,Yes,695.99,4,44,5,,,
Asus,AMD,Ryzen 7,4,DDR4,512,0,Windows,32,4,Casual,0,No,No,868.8,3,0,0,,,
Lenovo,AMD,Ryzen 7,4,DDR4,512,0,Windows,64,0,Casual,1,Yes,No,947.88,4,6,0,,,
Acer,AMD,Ryzen 7,4,DDR4,512,0,Windows,64,0,ThinNlight,1,No,No,719.88,3,0,0,,,
Asus,AMD,Ryzen 7,4,DDR5,512,0,Windows,32,4,Casual,1,No,No,1343.88,3,0,0,,,
HP,AMD,Ryzen 7,4,DDR4,512,0,Windows,32,0,Casual,0,Yes,No,1308,3,0,0,,,
Dell,AMD,Ryzen 7,4,DDR4,512,0,Windows,64,6,Casual,0,No,No,1079.88,4,191,27,,,
Lenovo,AMD,Ryzen 7,4,DDR4,512,0,Windows,64,0,Casual,3,Yes,Yes,947.86,3,0,0,,,
Lenovo,AMD,Ryzen 7,4,DDR4,512,0,Windows,64,4,Casual,0,No,No,877.66,3,4,1,,,
Lenovo,AMD,Ryzen 7,4,DDR4,512,0,Windows,64,4,Casual,1,No,No,1283.88,3,0,0,,,
Asus,AMD,Ryzen 7,4,DDR4,512,0,Windows,32,4,Casual,0,No,No,959.88,3,0,0,,,
Dell,AMD,Ryzen 7,4,DDR4,512,0,Windows,64,0,Casual,1,Yes,Yes,1074.84,3,0,0,,,
HP,AMD,Ryzen 7,4,DDR4,512,0,Windows,64,0,ThinNlight,1,No,Yes,822,4,134,22,,,
Lenovo,AMD,Ryzen 7,16,DDR4,512,0,Windows,64,0,Casual,1,No,No,880.8,3,0,0,,,
HP,AMD,Ryzen 7,16,DDR4,512,0,Windows,64,2,Casual,1,No,Yes,959.88,3,23,6,,,
HP,AMD,Ryzen 7,16,DDR4,512,0,Windows,64,4,Gaming,1,No,Yes,1019.88,2,4,2,,,
MSI,AMD,Ryzen 7,16,DDR4,1024,0,Windows,64,8,Casual,1,No,No,1199.88,4,108,24,,,
Asus,AMD,Ryzen 7,8,LPDDR4X,1024,0,Windows,64,4,Casual,0,No,No,875.88,4,198,24,,,
HP,AMD,Ryzen 7,16,DDR4,1024,0,Windows,64,0,ThinNlight,1,Yes,Yes,1115.88,3,0,0,,,
HP,AMD,Ryzen 7,16,DDR4,1024,0,Windows,64,0,ThinNlight,1,No,Yes,1010.28,3,0,0,,,
Asus,AMD,Ryzen 7,16,LPDDR4X,1024,0,Windows,64,0,Casual,0,Yes,No,1355.88,3,0,0,,,
Asus,AMD,Ryzen 7,4,DDR5,1024,0,Windows,32,4,Casual,1,No,No,1379.88,3,0,0,,,
Acer,AMD,Ryzen 7,4,DDR4,1024,0,Windows,64,4,Casual,1,No,No,1199.88,3,0,0,,,
Asus,AMD,Ryzen 7,4,DDR4,1024,0,Windows,32,4,Gaming,0,No,No,1151.88,4,57,3,,,
HP,AMD,Ryzen 7,4,DDR4,1024,0,Windows,64,8,Casual,1,No,No,1919.88,4,17,2,,,
Asus,AMD,Ryzen 7,4,DDR4,1024,0,Windows,64,0,Casual,1,No,Yes,923.88,3,0,0,,,
Lenovo,AMD,Ryzen 7,4,DDR4,1024,0,Windows,64,6,Casual,1,No,Yes,1571.88,3,0,0,,,
Asus,AMD,Ryzen 7,4,DDR4,1024,0,Windows,64,0,Casual,1,No,No,1199.88,3,0,0,,,
Asus,AMD,Ryzen 7,4,DDR5,1024,0,Windows,64,4,Casual,0,No,No,1355.88,3,0,0,,,
Lenovo,AMD,Ryzen 7,4,DDR4,1024,0,Windows,64,0,Casual,1,No,Yes,935.86,3,0,0,,,
Asus,AMD,Ryzen 7,4,DDR4,1024,0,Windows,64,0,Casual,1,No,Yes,912,5,1,1,,,
Asus,AMD,Ryzen 7,4,LPDDR4X,1024,0,Windows,64,4,Casual,1,Yes,No,1199.88,4,77,15,,,
Asus,AMD,Ryzen 7,4,DDR4,1024,0,Windows,64,0,Casual,1,No,No,1332,3,0,0,,,
Asus,AMD,Ryzen 7,16,LPDDR4X,1024,0,Windows,64,0,ThinNlight,1,No,Yes,1019.64,3,2,1,,,
HP,AMD,Ryzen 7,16,DDR4,256,1024,Windows,64,4,Gaming,1,No,Yes,911.88,4,1084,123,,,
Acer,AMD,Ryzen 7,16,DDR4,256,1024,Windows,64,6,Casual,1,No,No,1079.88,4,272,36,,,
Acer,AMD,Ryzen 7,16,DDR4,256,1024,Windows,64,4,Casual,0,No,No,983.88,4,141,24,,,
Lenovo,AMD,Ryzen 7,4,DDR4,512,1024,Windows,32,0,Casual,0,No,No,965.88,3,0,0,,,
Asus,AMD,Ryzen 9,16,DDR4,1024,0,Windows,64,6,Casual,1,No,No,1631.88,3,0,0,,,
Asus,AMD,Ryzen 9,16,DDR4,1024,0,Windows,32,0,Casual,1,No,No,1859.88,4,194,42,,,
Asus,AMD,Ryzen 9,16,DDR4,1024,0,Windows,64,8,Casual,1,No,Yes,2399.88,4,9,2,,,
Asus,AMD,Ryzen 9,16,DDR4,1024,0,Windows,64,4,Casual,0,No,No,1379.88,4,28,4,,,
Asus,AMD,Ryzen 9,16,DDR4,1024,0,Windows,64,6,Casual,1,No,Yes,1559.88,4,204,35,,,
Asus,AMD,Ryzen 9,16,LPDDR4X,1024,0,Windows,64,4,Casual,1,Yes,Yes,1379.88,4,32,6,,,
MSI,AMD,Ryzen 9,4,DDR4,1024,0,Windows,64,0,Casual,0,No,No,1763.88,3,0,0,,,
Asus,AMD,Ryzen 9,4,DDR4,1024,0,Windows,64,0,Casual,1,No,No,1259.88,4,14,2,,,
Asus,AMD,Ryzen 9,4,LPDDR4X,1024,0,Windows,64,4,Casual,1,Yes,No,1379.88,4,14,1,,,
Asus,AMD,Ryzen 9,4,LPDDR4X,1024,0,Windows,64,4,Casual,1,Yes,Yes,1499.88,5,3,0,,,
Asus,AMD,Ryzen 9,4,LPDDR4X,1024,0,Windows,64,0,Casual,0,Yes,No,1619.88,3,0,0,,,
HP,AMD,Ryzen 9,4,DDR4,1024,0,Windows,64,8,Casual,1,No,Yes,1703.88,3,0,0,,,
Asus,AMD,Ryzen 9,4,DDR4,1024,0,Windows,64,0,Casual,1,No,No,1559.88,3,0,0,,,
Asus,AMD,Ryzen 9,4,LPDDR4X,1024,0,Windows,64,4,Casual,1,Yes,Yes,1715.88,4,4,1,,,
Asus,AMD,Ryzen 9,4,DDR4,1024,0,Windows,64,0,Casual,1,No,No,1463.88,3,0,0,,,
Asus,AMD,Ryzen 9,4,LPDDR4X,1024,0,Windows,64,4,Casual,1,Yes,Yes,1499.88,4,44,12,,,
Asus,AMD,Ryzen 9,4,DDR4,1024,0,Windows,64,6,Casual,0,No,No,1703.88,4,61,13,,,
Asus,AMD,Ryzen 9,4,DDR4,1024,0,Windows,64,4,Casual,1,No,No,1955.88,3,0,0,,,
Asus,AMD,Ryzen 9,4,DDR4,1024,0,Windows,64,0,Casual,1,No,No,1566,3,0,0,,,
Asus,AMD,Ryzen 9,4,DDR4,1024,0,Windows,64,4,Casual,0,No,No,1403.88,3,0,0,,,
Asus,AMD,Ryzen 9,4,DDR4,1024,0,Windows,32,6,Casual,0,No,No,1667.88,3,0,0,,,
Asus,AMD,Ryzen 9,4,LPDDR4X,1024,0,Windows,64,4,Casual,1,Yes,Yes,2819.88,3,0,0,,,
Asus,AMD,Ryzen 9,4,DDR4,1024,0,Windows,64,0,Casual,1,No,No,1631.88,3,0,0,,,
Asus,AMD,Ryzen 9,4,DDR4,1024,0,Windows,64,0,Casual,1,No,No,1739.88,3,0,0,,,
Asus,AMD,Ryzen 9,4,DDR4,1024,0,Windows,64,4,Casual,1,No,No,1799.88,3,0,0,,,
Asus,AMD,Ryzen 9,4,DDR4,1024,0,Windows,64,4,Casual,1,No,No,1715.88,3,0,0,,,
Lenovo,AMD,Ryzen 5,8,DDR4,512,0,DOS,64,0,ThinNlight,0,No,No,689.88,4,18,4,,,